{"changzhang.json":"{\n    \n    \"作者\":\"荷城茶秀\",\n    \n    \"站名\":\"厂长资源\",\n    \n    \"主页url\":\"https://cz01.me/\",\n    \n    \"简介\":\"运输车提醒您请勿相信影片中的广告，以免上当受骗！+<div class=\\\"yp_context\\\">&&</div>\",\n    \n    \"导演\":\"导演：&&</li>\",\n    \n    \"主演\":\"主演：&&</li>\",\n    \n    \"影片年代\":\"年份：&&</li>\",\n    \n    \"影片地区\":\"地区：&&</li>\",\n    \n    \"影片类型\":\"类型：&&</li>\",\n    \n    \"数组\":\"<li>&&</li>\",\n    \n    \"图片\":\"data-original=\\\"&&\\\"\",\n    \n    \"标题\":\"alt=\\\"&&\\\"\",\n    \n    \"链接\":\"href=\\\"&&\\\"\",\n    \n    \"副标题\":\"jidi\\\">&&</div>+furk\\\">&&</div>+rating\\\">&&</div>\",\n    \n    \"搜索模式\":\"1\",\n    \n    \"搜索url\":\"https://search.ymck.me/index.php?q={wd}\",\n    \n    \"搜索数组\":\"<b>&&</b>[包含:厂长资源]\",\n    \n    \"搜索副标题\":\"<a>&&</a>\",\n    \n    \"搜索标题\":\"class='movie_name'>&&</a>\",\n    \n    \"搜索链接\":\"href=\\\"&&\\\"\",\n    \n    \"搜索图片\":\"http://img.vopox.net/wp-content/uploads/2023/03/y2fga2jzwq2.jpg\",\n    \n    \"线路数组\":\"<div class=\\\"mi_paly_box\\\">&&</div>\",\n    \n    \"线路标题\":\"<span>&&</span>[替换:在线观看>>厂长资源]\",\n    \n    \"播放数组\":\"<div class=\\\"paly_list_btn\\\">&&</div>\",\n    \n    \"播放列表\":\"<a&&/a>\",\n    \n    \"播放标题\":\">&&<[替换:立即播放>>空]\",\n    \n    \"播放链接\":\"href=\\\"&&\\\"\",\n    \n    \"分类url\":\"https://cz01.me/{cateId}/{class}/{area}/page/{catePg};;m0\",\n    \n    \"分类\":\"全部&豆瓣电影Top250&高分影视&最新电影&热映中&站长推荐&电影&国产剧&电视剧&动画&日剧&韩剧&美剧&海外剧&俄罗斯电影&加拿大电影&华语电影&印度电影&日本电影&欧美电影&法国电影&英国电影&韩国电影&纪录片\",\n    \n    \"分类值\":\"movie_bt&dbtop250&gaofenyingshi&zuixindianying&reyingzhong&movie_bt_series/zhanchangtuijian&movie_bt_series/dyy&movie_bt_series/guochanju&movie_bt_series/dianshiju&movie_bt_series/dohua&movie_bt_series/rj&movie_bt_series/hj&movie_bt_series/mj&movie_bt_series/hwj&movie_bt_series/eluosidianying&movie_bt_series/jianadadianying&movie_bt_series/huayudianying&movie_bt_series/yindudianying&movie_bt_series/ribendianying&movie_bt_series/meiguodianying&movie_bt_series/faguodianying&movie_bt_series/yingguodianying&movie_bt_series/hanguodianying&movie_bt/movie_bt_tags/jlpp\",\n    \n    \"筛选\":{\n    \"movie_bt\":[\n    {\"key\":\"area\",\"name\":\"分类\",\"value\":[\n    {\"v\":\"\",\"n\":\"全部分类\"},\n    {\"v\":\"movie_bt_series/zhanchangtuijian\",\"n\":\"站长推荐\"},\n    {\"v\":\"movie_bt_series/dyy\",\"n\":\"电影\"},\n    {\"v\":\"movie_bt_series/dianshiju\",\"n\":\"电视剧\"},\n    {\"v\":\"movie_bt_series/dohua\",\"n\":\"动画\"},\n    {\"v\":\"movie_bt_series/guochanju\",\"n\":\"国产剧\"},\n    {\"v\":\"movie_bt_series/mj\",\"n\":\"美剧\"},\n    {\"v\":\"movie_bt_series/rj\",\"n\":\"日剧\"},\n    {\"v\":\"movie_bt_series/hj\",\"n\":\"韩剧\"},\n    {\"v\":\"movie_bt_series/hwj\",\"n\":\"海外剧（其他）\"},\n    {\"v\":\"movie_bt_series/huayudianying\",\"n\":\"华语电影\"},\n    {\"v\":\"movie_bt_series/meiguodianying\",\"n\":\"欧美电影\"},\n    {\"v\":\"movie_bt_series/ribendianying\",\"n\":\"日本电影\"},\n    {\"v\":\"movie_bt_series/hanguodianying\",\"n\":\"韩国电影\"},\n    {\"v\":\"movie_bt_series/yingguodianying\",\"n\":\"英国电影\"},\n    {\"v\":\"movie_bt_series/faguodianying\",\"n\":\"法国电影\"},\n    {\"v\":\"movie_bt_series/yindudianying\",\"n\":\"印度电影\"},\n    {\"v\":\"movie_bt_series/eluosidianying\",\"n\":\"俄罗斯电影\"},\n    {\"v\":\"movie_bt_series/jianadadianying\",\"n\":\"加拿大电影\"},\n    {\"v\":\"movie_bt_series/huiyuanzhuanqu\",\"n\":\"会员专区\"}\n    ]\n    },\n    {\"key\":\"class\",\"name\":\"类型\",\"value\":[\n    {\"n\":\"全部类型\",\"v\":\"\"},\n    {\"n\":\"传记\",\"v\":\"movie_bt_tags/chuanji\"},\n    {\"n\":\"儿童\",\"v\":\"movie_bt_tags/etet\"},\n    {\"n\":\"冒险\",\"v\":\"movie_bt_tags/maoxian\"},\n    {\"n\":\"剧情\",\"v\":\"movie_bt_tags/juqing\"},\n    {\"n\":\"动作\",\"v\":\"movie_bt_tags/dozuo\"},\n    {\"n\":\"动漫\",\"v\":\"movie_bt_tags/doman\"},\n    {\"n\":\"动画\",\"v\":\"movie_bt_tags/dhh\"},\n    {\"n\":\"历史\",\"v\":\"movie_bt_tags/lishi\"},\n    {\"n\":\"古装\",\"v\":\"movie_bt_tags/guzhuang\"},\n    {\"n\":\"同性\",\"v\":\"movie_bt_tags/tongxing\"},\n    {\"n\":\"喜剧\",\"v\":\"movie_bt_tags/xiju\"},\n    {\"n\":\"奇幻\",\"v\":\"movie_bt_tags/qihuan\"},\n    {\"n\":\"家庭\",\"v\":\"movie_bt_tags/jiating\"},\n    {\"n\":\"恐怖\",\"v\":\"movie_bt_tags/kubu\"},\n    {\"n\":\"悬疑\",\"v\":\"movie_bt_tags/xuanyi\"},\n    {\"n\":\"情色\",\"v\":\"movie_bt_tags/qingse\"},\n    {\"n\":\"惊悚\",\"v\":\"movie_bt_tags/kingsong\"},\n    {\"n\":\"战争\",\"v\":\"movie_bt_tags/zhanzhen\"},\n    {\"n\":\"歌舞\",\"v\":\"movie_bt_tags/gw\"},\n    {\"n\":\"武侠\",\"v\":\"movie_bt_tags/wuxia\"},\n    {\"n\":\"灾难\",\"v\":\"movie_bt_tags/zainan\"},\n    {\"n\":\"爱情\",\"v\":\"movie_bt_tags/aiqing\"},\n    {\"n\":\"犯罪\",\"v\":\"movie_bt_tags/fanzui\"},\n    {\"n\":\"短片\",\"v\":\"movie_bt_tags/dp\"},\n    {\"n\":\"科幻\",\"v\":\"movie_bt_tags/kh\"},\n    {\"n\":\"纪录片\",\"v\":\"movie_bt_tags/jlpp\"},\n    {\"n\":\"西部\",\"v\":\"movie_bt_tags/xb\"},\n    {\"n\":\"运动\",\"v\":\"movie_bt_tags/yd\"},\n    {\"n\":\"音乐\",\"v\":\"movie_bt_tags/yy\"}\n    ]\n    }\n    ]\n    }\n    }"}