{
  "sites": [
    {
      "key": "js豆瓣",
      "name": "🍥┃豆瓣┃软件接口免费,禁止贩卖,公众号:『多多影音』提供🍥",
      "type": 3,
      "api": "./lib/drpy2.min.js",
      "searchable": 0,
      "quickSearch": 0,
      "filterable": 1,
      "ext": "./lib/douban.js"
    },
    {
      "key": "js豆瓣备用",
      "name": "🍥┃豆瓣备用┃付费获取接口都是骗人的,勿信视频中广告🍥",
      "type": 3,
      "api": "./lib/doubanbf.js",
      "searchable": 1,
      "quickSearch": 1,
      "filterable": 0
    },
    {
      "key": "csp_KungFu404",
      "name": "💠┃阿里┃设置",
      "type": 3,
      "api": "csp_KungFu404",
      "searchable": 1,
      "filterable": 0,
      "changeable": 0,
      "jar": "./lib/alibaba.jar"
    },
    {
      "key": "直播转点播",
      "name": "📺︎┃电视┃点播",
      "type": 3,
      "api": "./lib/zbzdb.js",
      "searchable": 1,
      "quickSearch": 0,
      "filterable": 0,
      "ext": "./lib/zb.json"
    },
    {
      "key": "新片热播",
      "name": "🔷┃新片┃热播",
      "type": 1,
      "api": "https://api.iku.cool/api.php/provide/vod/?ac=list",
      "searchable": 1,
      "quickSearch": 1,
      "filterable": 0,
      "playUrl": "https://api.tyun77.cn/api.php/provide/parseDicturl?url=",
      "categories": [
        "连续剧",
        "动漫"
      ]
    },
    {
      "key": "js_baby",
      "name": "👶┃宝宝┃合集",
      "type": 3,
      "api": "./lib/drpy2.min.js",
      "searchable": 1,
      "quickSearch": 1,
      "filterable": 1,
      "ext": "./lib/baby.js"
    },
    {
      "key": "js_童趣",
      "name": "🧗‍┃童趣┃搜视",
      "type": 3,
      "api": "./lib/drpy2.min.js",
      "searchable": 1,
      "quickSearch": 1,
      "filterable": 1,
      "ext": "./lib/tongqu.js"
    },
    {
      "key": "XYQH_JOJO",
      "name": "🍁┃久久┃影视",
      "type": 3,
      "api": "csp_XYQHiker",
      "jar": "./lib/spider.txt;md5;FE7A16C03308099ADE4ED6A63B4ADC4C",
      "ext": "./lib/jojo.json"
    },
    {
      "key": "app_轻简",
      "name": "🚈┃轻简┃影视",
      "type": 1,
      "api": "http://1.ahailove.cn:23456/cj/api.php/provide/vod/",
      "categories": [
        "电影",
        "电视剧",
        "综艺",
        "动漫"
      ]
    },
    {
      "key": "js_nangua",
      "name": "🎃┃南瓜┃影视",
      "type": 3,
      "api": "./lib/drpy2.min.js",
      "searchable": 1,
      "quickSearch": 1,
      "filterable": 1,
      "ext": "./lib/nangua.js"
    },
    {
      "key": "蜗牛有广告",
      "name": "🐌┃蜗牛┃影视",
      "type": 3,
      "api": "csp_XBPQ",
      "ext": "./lib/蜗牛.json"
    },
    {
      "key": "XBPQ_一只蜗",
      "name": "🐮┃牛牛┃影视",
      "type": 3,
      "api": "csp_XBPQ",
      "playerType": 1,
      "ext": "./lib/一只蜗.json"
    },
    {
      "key": "js_mogu",
      "name": "🍄┃蘑菇┃影视",
      "type": 3,
      "api": "./lib/drpy2.min.js",
      "searchable": 1,
      "quickSearch": 1,
      "filterable": 1,
      "ext": "./lib/蘑菇.js"
    },
    {
      "key": "鑫鑫影视",
      "name": "🥇┃鑫鑫┃影视",
      "type": 3,
      "api": "csp_AppYsV2",
      "searchable": 1,
      "quickSearch": 1,
      "filterable": 1,
      "ext": "http://yingszj.xn--654a.cc/api.php/app/"
    },
    {
      "key": "XBPQ_星辰",
      "name": "🌟┃星辰┃影视",
      "type": 3,
      "api": "csp_XBPQ",
      "searchable": 1,
      "quickSearch": 1,
      "filterable": 1,
      "ext": "./lib/星辰影视.json"
    },
    {
      "key": "骑骑影院",
      "name": "🚵┃骑骑┃影院",
      "type": 3,
      "playerType": 2,
      "api": "csp_AppYsV2",
      "searchable": 1,
      "quickSearch": 1,
      "filterable": 1,
      "ext": "https://www.gsjtlxy.top/xgapp.php/v3/"
    },
    {
      "key": "csp_aidi",
      "name": "🤟┃爱迪┃高清",
      "type": 3,
      "api": "csp_AppYsV2",
      "searchable": 1,
      "quickSearch": 1,
      "filterable": 1,
      "ext": "https://aidiapp.xyz/xgapp.php/v2/"
    },
    {
      "key": "apv2_瑞丰",
      "name": "⛄┃瑞丰┃影视",
      "type": 3,
      "api": "csp_AppYsV2",
      "ext": "http://www.miniku.cc/xgapp.php/v2/"
    },
    {
      "key": "csp_appysv2_毛子",
      "name": "🐛┃毛子┃影视",
      "type": 3,
      "api": "csp_AppYsV2",
      "searchable": 1,
      "quickSearch": 1,
      "filterable": 1,
      "ext": "http://ys.qtw.asia/lvdou_api.php/v1.vod"
    },
    {
      "key": "js_耐菲",
      "name": "🦆┃耐菲┃影视",
      "type": 3,
      "api": "./lib/drpy2.min.js",
      "searchable": 1,
      "quickSearch": 1,
      "filterable": 1,
      "ext": "./lib/鸭奈飞.js"
    },
    {
      "key": "js_影探",
      "name": "🕵️┃侦探┃盒子",
      "type": 3,
      "api": "./lib/drpy2.min.js",
      "searchable": 1,
      "quickSearch": 1,
      "filterable": 1,
      "ext": "./lib/侦探.js"
    },
    {
      "key": "csp_beijihu",
      "name": "🎪┃极狐┃影视",
      "type": 3,
      "api": "csp_AppYsV2",
      "searchable": 1,
      "quickSearch": 1,
      "filterable": 1,
      "ext": "https://www.kuin.one/api.php/app/"
    },
    {
      "key": "XBPQ_九八",
      "name": "🗡️┃九八┃影视",
      "type": 3,
      "api": "csp_XBPQ",
      "searchable": 1,
      "quickSearch": 1,
      "filterable": 1,
      "ext": "./lib/98影视.json"
    },
    {
      "key": "js_荐片",
      "name": "⏳┃荐片┃影视",
      "type": 3,
      "api": "./lib/drpy2.min.js",
      "ext": "./lib/荐片.js",
      "playerType": 1,
      "searchable": 1,
      "quickSearch": 1,
      "filterable": 1
    },
    {
      "key": "csp_WoGG",
      "name": "💂‍┃阿里┃玩偶",
      "type": 3,
      "api": "csp_Wogg",
      "searchable": 1,
      "changeable": 0,
      "ext": {
        "token": "http://127.0.0.1:9978/file/tvbox/token.txt+4k|fhd|auto",
        "filter": "./lib/wogg.json"
      },
      "jar": "./lib/ali.jar;md5;5995F4AF461B0969BBF611766ECEB582"
    },
    {
      "key": "js_4KHDR",
      "name": "👩‍⚕️┃玩偶┃姐姐",
      "type": 3,
      "api": "./lib/drpy2.min.js",
      "searchable": 1,
      "quickSearch": 1,
      "filterable": 1,
      "ext": "./lib/4KHDR.js"
    },
    {
      "key": "js_6V",
      "name": "✡️┃六维┃磁力",
      "type": 3,
      "api": "./lib/drpy2.min.js",
      "searchable": 1,
      "quickSearch": 1,
      "filterable": 1,
      "ext": "./lib/6V.js"
    },
    {
      "key": "js_磁力熊",
      "name": "🐻‍┃贝尔┃磁力",
      "type": 3,
      "api": "./lib/drpy2.min.js",
      "searchable": 1,
      "quickSearch": 1,
      "filterable": 1,
      "ext": "./lib/bear.js"
    },
    {
      "key": "js_酷吧",
      "name": "😎┃酷吧┃磁力",
      "type": 3,
      "api": "./lib/drpy2.min.js",
      "searchable": 1,
      "quickSearch": 1,
      "filterable": 1,
      "ext": "./lib/kuba.js"
    },
    {
      "key": "XYQH_电影港",
      "name": "🛳┃港口┃磁力",
      "type": 3,
      "playerType": 1,
      "api": "csp_XYQHiker",
      "jar": "./lib/spider.txt;md5;FE7A16C03308099ADE4ED6A63B4ADC4C",
      "ext": "./lib/港口.json"
    },
    {
      "key": "csp_七夜",
      "name": "🔎┃阿里┃七夜",
      "type": 3,
      "api": "csp_Dovx",
      "searchable": 1,
      "quickSearch": 1,
      "filterable": 0,
      "ext": "http://127.0.0.1:9978/file/tvbox/token.txt+4k|fhd|auto",
      "jar": "./lib/ali.jar;md5;5995F4AF461B0969BBF611766ECEB582"
    },
    {
      "key": "csp_XiaoZhiTiao",
      "name": "🏷️┃阿里┃纸条",
      "type": 3,
      "api": "csp_XiaoZhiTiao",
      "searchable": 1,
      "quickSearch": 1,
      "filterable": 0,
      "ext": "http://127.0.0.1:9978/file/tvbox/token.txt+4k|fhd|auto",
      "jar": "./lib/ali.jar;md5;5995F4AF461B0969BBF611766ECEB582"
    },
    {
      "key": "PanSearch",
      "name": "🏵️‍┃阿里┃PanS",
      "type": 3,
      "api": "csp_PanSearch",
      "searchable": 1,
      "quickSearch": 1,
      "filterable": 0,
      "ext": "http://127.0.0.1:9978/file/tvbox/token.txt+4k|fhd|auto",
      "jar": "./lib/ali.jar;md5;5995F4AF461B0969BBF611766ECEB582"
    },
    {
      "key": "Upyunso",
      "name": "🌤️┃阿里┃云搜",
      "type": 3,
      "api": "csp_UpYun",
      "searchable": 1,
      "quickSearch": 1,
      "filterable": 0,
      "ext": "http://127.0.0.1:9978/file/tvbox/token.txt+4k|fhd|auto",
      "jar": "./lib/ali.jar;md5;5995F4AF461B0969BBF611766ECEB582"
    },
    {
      "key": "Alips",
      "name": "📀┃阿里┃盘搜",
      "type": 3,
      "api": "csp_PanSou",
      "searchable": 1,
      "quickSearch": 1,
      "filterable": 0,
      "ext": "http://127.0.0.1:9978/file/tvbox/token.txt+4k|fhd|auto",
      "jar": "./lib/ali.jar;md5;5995F4AF461B0969BBF611766ECEB582"
    },
    {
      "key": "Yisou",
      "name": "🎯┃阿里┃易搜",
      "type": 3,
      "api": "csp_YiSo",
      "searchable": 1,
      "quickSearch": 1,
      "filterable": 0,
      "ext": "http://127.0.0.1:9978/file/tvbox/token.txt+4k|fhd|auto",
      "jar": "./lib/ali.jar;md5;5995F4AF461B0969BBF611766ECEB582"
    },
    {
      "key": "Zhaozy",
      "name": "🔍┃阿里┃找片",
      "type": 3,
      "api": "csp_Zhaozy",
      "searchable": 1,
      "quickSearch": 1,
      "filterable": 0,
      "ext": "http://127.0.0.1:9978/file/tvbox/token.txt+4k|fhd|auto$$$多多$$$159357",
      "jar": "./lib/ali.jar;md5;5995F4AF461B0969BBF611766ECEB582"
    },
    {
      "key": "js_changmeng",
      "name": "💤┃畅梦┃影视",
      "type": 3,
      "api": "./lib/drpy2.min.js",
      "searchable": 1,
      "quickSearch": 1,
      "filterable": 1,
      "ext": "./lib/changmeng.js"
    },
    {
      "key": "csp_SNzy",
      "name": "🐉┃索尼┃高清",
      "type": 1,
      "api": "https://suoniapi.com/api.php/provide/vod/?ac=list",
      "searchable": 1,
      "quickSearch": 1,
      "filterable": 1,
      "categories": [
        "动作片",
        "喜剧片",
        "科幻片",
        "恐怖片",
        "爱情片",
        "剧情片",
        "战争片",
        "记录片",
        "国产剧",
        "欧美剧",
        "香港剧",
        "韩国剧",
        "台湾剧",
        "日本剧",
        "海外剧",
        "泰国剧",
        "国产动漫",
        "日韩动漫",
        "欧美动漫",
        "港台动漫",
        "海外动漫",
        "大陆综艺",
        "港台综艺",
        "日韩综艺",
        "欧美综艺"
      ]
    },
    {
      "key": "cjzy_暴风资源",
      "name": "🎈┃暴风┃影视",
      "type": 1,
      "api": "https://bfzyapi.com/api.php/provide/vod/?ac=list",
      "playUrl": "",
      "categories": [
        "国产剧",
        "国产动漫",
        "大陆综艺",
        "港台综艺",
        "香港剧",
        "台湾剧",
        "日本剧",
        "欧美剧",
        "泰国剧",
        "日本动漫",
        "日本综艺",
        "综艺频道",
        "新马泰综艺",
        "纪录片",
        "科幻片",
        "喜剧片",
        "战争片"
      ]
    },
    {
      "key": "csp_XBPQ_圣城",
      "name": "🏯┃圣城┃影视",
      "type": 3,
      "api": "csp_XBPQ",
      "searchable": 1,
      "quickSearch": 1,
      "filterable": 1,
      "ext": "./lib/圣城.json"
    },
    {
      "key": "csp_XBPQ_348z",
      "name": "🎲┃348┃电影",
      "type": 3,
      "api": "csp_XBPQ",
      "searchable": 1,
      "quickSearch": 1,
      "filterable": 1,
      "ext": "./lib/348z.json"
    },
    {
      "key": "csp_XBPQ_haoxi",
      "name": "⚡️┃好戏┃影视",
      "type": 3,
      "api": "csp_XBPQ",
      "searchable": 1,
      "quickSearch": 1,
      "filterable": 1,
      "ext": "./lib/好戏.json"
    },
    {
      "key": "js_轰轰",
      "name": "💥‍┃轰轰┃影视",
      "type": 3,
      "api": "./lib/drpy2.min.js",
      "searchable": 1,
      "quickSearch": 1,
      "filterable": 1,
      "ext": "./lib/hoho.js"
    },
    {
      "key": "XBPQ_葡萄",
      "name": "🎦┃短剧┃葡萄",
      "type": 3,
      "api": "csp_XBPQ",
      "ext": {
        "数组": "class=\"stui-vodlist__box&&</li",
        "分类url": "https://www.putaojuchang.com/show/{cateId}/area/{area}/class/{class}/by/{by}/page/{catePg}/year/{year}.html",
        "分类": "微剧场$1#言情$6#逆袭$7#战神$8#异能$9#生活$10#重生$12#复仇$20#爱情$11"
      }
    },
    {
      "key": "js_DJ5",
      "name": "🎦┃短剧┃DJ5",
      "type": 3,
      "api": "./lib/drpy2.min.js",
      "searchable": 1,
      "quickSearch": 1,
      "filterable": 1,
      "ext": "./lib/短剧网.js"
    },
    {
      "key": "csp_XYQHiker_VSYY",
      "name": "🎦┃短剧┃VSY",
      "type": 3,
      "searchable": 1,
      "quickSearch": 1,
      "filterable": 1,
      "api": "csp_XYQHiker",
      "jar": "./lib/spider.txt;md5;FE7A16C03308099ADE4ED6A63B4ADC4C",
      "ext": "./lib/VS影院.json"
    },
    {
      "key": "csp_XBPQ_aoaotv",
      "name": "🎦┃短剧┃嗷嗷",
      "type": 3,
      "api": "csp_XBPQ",
      "searchable": 1,
      "quickSearch": 1,
      "filterable": 1,
      "ext": {
        "分类url": "https://aoao.tv/vodshow/{cateId}--------{catePg}---.html",
        "分类": "短剧$20#电视剧$21#电影$22#动漫$23#综艺$24"
      }
    },
    {
      "key": "js_蛋蛋",
      "name": "🥚‍┃蛋蛋┃影视",
      "type": 3,
      "api": "./lib/drpy2.min.js",
      "searchable": 1,
      "quickSearch": 1,
      "filterable": 1,
      "ext": "./lib/蛋蛋.js"
    },
    {
      "key": "js_在线之家",
      "name": "🏞︎‍┃超前┃影视",
      "type": 3,
      "api": "./lib/drpy2.min.js",
      "searchable": 1,
      "quickSearch": 1,
      "filterable": 1,
      "ext": "./lib/zxzj.js"
    },
    {
      "key": "js_555",
      "name": "🌟┃三五┃影视",
      "type": 3,
      "api": "./lib/drpy2.min.js",
      "searchable": 1,
      "quickSearch": 1,
      "filterable": 1,
      "ext": "./lib/555.js"
    },
    {
      "key": "XBPQ_蚂蚁",
      "name": "🐜┃蚂蚁┃影视",
      "type": 3,
      "api": "csp_XBPQ",
      "searchable": 1,
      "quickSearch": 1,
      "filterable": 1,
      "ext": "./lib/mayi.json"
    },
    {
      "key": "csp_FreeOK",
      "name": "💰️┃富瑞┃影院",
      "type": 3,
      "api": "csp_XBPQ",
      "searchable": 1,
      "quickSearch": 1,
      "filterable": 1,
      "ext": "./lib/free.json"
    },
    {
      "key": "csp_奇优",
      "name": "🧼┃奇优┃影院",
      "type": 3,
      "api": "csp_XBPQ",
      "searchable": 1,
      "quickSearch": 1,
      "filterable": 1,
      "ext": "./lib/奇优影院.json"
    },
    {
      "key": "csp_非凡资源",
      "name": "🥗┃非凡┃资源",
      "type": 1,
      "api": "http://cj.ffzyapi.com/api.php/provide/vod/",
      "playurl": "json:http://jx.84jia.com/m3u8ts.php?url=",
      "searchable": 1,
      "quickSearch": 1,
      "filterable": 1,
      "categories": [
        "动作片",
        "喜剧片",
        "科幻片",
        "恐怖片",
        "爱情片",
        "剧情片",
        "战争片",
        "记录片",
        "国产剧",
        "欧美剧",
        "香港剧",
        "韩国剧",
        "台湾剧",
        "日本剧",
        "海外剧",
        "泰国剧",
        "国产动漫",
        "日韩动漫",
        "欧美动漫",
        "港台动漫",
        "海外动漫",
        "大陆综艺",
        "港台综艺",
        "日韩综艺",
        "欧美综艺"
      ]
    },
    {
      "key": "量子资源",
      "name": "🥑┃量子┃资源",
      "type": 1,
      "api": "http://cj.lziapi.com/api.php/provide/vod/",
      "playurl": "json:http://jx.84jia.com/m3u8ts.php?url=",
      "searchable": 1,
      "quickSearch": 1,
      "filterable": 0,
      "categories": [
        "国产剧",
        "国产动漫",
        "泰国剧",
        "台湾剧",
        "香港剧",
        "欧美剧",
        "韩国剧",
        "日本剧",
        "动漫",
        "体育",
        "剧情片",
        "动作片",
        "爱情片",
        "喜剧片"
      ]
    },
    {
      "key": "csp_YQKAPP",
      "name": "👨‍👩‍👧‍👦┃一起┃电视",
      "type": 3,
      "api": "csp_YQKAPP",
      "searchable": 1,
      "quickSearch": 1,
      "filterable": 1,
      "ext": "https://hk-api-cf.yqk5659.com"
    },
    {
      "key": "js_农民",
      "name": "👨‍🌾┃农民┃影视",
      "type": 3,
      "api": "./lib/drpy2.min.js",
      "searchable": 1,
      "quickSearch": 1,
      "filterable": 1,
      "ext": "./lib/nongmin.js"
    },
    {
      "key": "js_bzys",
      "name": "🌋┃B站┃影视",
      "type": 3,
      "api": "./lib/drpy2.min.js",
      "searchable": 1,
      "quickSearch": 1,
      "filterable": 1,
      "ext": "./lib/bzys.js"
    },
    {
      "key": "csp_jbb",
      "name": "🦢┃剧白┃影视",
      "type": 3,
      "api": "csp_XBPQ",
      "searchable": 1,
      "quickSearch": 1,
      "filterable": 1,
      "ext": "./lib/剧白白.json"
    },
    {
      "key": "XBPQ_石榴",
      "name": "Ⓜ┃石榴┃影视",
      "type": 3,
      "api": "csp_XBPQ",
      "searchable": 1,
      "quickSearch": 1,
      "filterable": 1,
      "ext": "./lib/shiliu.json"
    },
    {
      "key": "js_czsapp",
      "name": "🏭️┃厂长┃资源",
      "type": 3,
      "api": "./lib/drpy2.min.js",
      "searchable": 1,
      "quickSearch": 1,
      "filterable": 1,
      "ext": "./lib/czspp.js"
    },
    {
      "key": "js_Lib",
      "name": "🍲┃利奥┃影视",
      "type": 3,
      "api": "./lib/drpy2.min.js",
      "searchable": 1,
      "quickSearch": 1,
      "filterable": 1,
      "ext": "./lib/libvio.js"
    },
    {
      "key": "csp_MeiJu69",
      "name": "🗽┃六九┃美剧",
      "type": 3,
      "api": "csp_AppYsV2",
      "searchable": 1,
      "quickSearch": 1,
      "filterable": 1,
      "ext": "https://www.69mj.com/xgapp.php/v2/"
    },
    {
      "key": "js_ddys",
      "name": "🐞┃低端┃影视",
      "type": 3,
      "api": "./lib/drpy2.min.js",
      "searchable": 1,
      "quickSearch": 1,
      "filterable": 1,
      "ext": "./lib/ddys.js"
    },
    {
      "key": "Kuaikan",
      "name": "🦋┃快看┃影视",
      "type": 3,
      "api": "csp_Kuaikan",
      "searchable": 1,
      "quickSearch": 1,
      "filterable": 1
    },
    {
      "key": "csp_AppMr",
      "name": "🦍┃二明┃影视",
      "type": 3,
      "api": "csp_AppMr",
      "searchable": 1,
      "quickSearch": 1,
      "filterable": 1
    },
    {
      "key": "js_骚火电影",
      "name": "🔥┃骚火┃影视",
      "type": 3,
      "searchable": 1,
      "quickSearch": 1,
      "filterable": 1,
      "api": "./lib/drpy2.min.js",
      "ext": "./lib/saohuo.js"
    },
    {
      "key": "js_大师兄",
      "name": "🐵┃师兄┃影视",
      "type": 3,
      "api": "./lib/drpy2.min.js",
      "searchable": 1,
      "quickSearch": 1,
      "filterable": 1,
      "ext": "./lib/大师兄影视.js"
    },
    {
      "key": "js_电影先生",
      "name": "🤵┃电影┃先生",
      "type": 3,
      "api": "./lib/drpy2.min.js",
      "searchable": 1,
      "quickSearch": 1,
      "filterable": 1,
      "ext": "./lib/电影先生.js"
    },
    {
      "key": "drpy_js_乐猪",
      "name": "🐷┃乐猪┃影视",
      "type": 3,
      "api": "./lib/drpy2.min.js",
      "searchable": 1,
      "quickSearch": 1,
      "filterable": 1,
      "ext": "./lib/乐猪TV.js"
    },
    {
      "key": "csp_胖虎",
      "name": "🐯┃胖虎┃影视",
      "type": 3,
      "api": "csp_XBPQ",
      "searchable": 1,
      "quickSearch": 1,
      "filterable": 1,
      "ext": "./lib/胖虎.json"
    },
    {
      "key": "csp_Lgyy",
      "name": "🌀┃蓝光┃影院",
      "type": 3,
      "api": "csp_Lgyy",
      "searchable": 1,
      "quickSearch": 1,
      "filterable": 1,
      "ext": "https://www.lgyy.vip"
    },
    {
      "key": "csp_Vofl",
      "name": "🧿┃VoFl┃资源",
      "type": 3,
      "api": "csp_Voflix",
      "searchable": 1,
      "quickSearch": 1,
      "filterable": 1
    },
    {
      "key": "js_Xinsj",
      "name": "🐠┃视觉┃影院",
      "type": 3,
      "api": "./lib/drpy2.min.js",
      "searchable": 1,
      "quickSearch": 1,
      "filterable": 1,
      "ext": "./lib/xsj.js"
    },
    {
      "key": "py_cctv",
      "name": "❤️┃央视┃大全",
      "type": 3,
      "api": "py_cctv",
      "searchable": 0,
      "quickSearch": 0,
      "filterable": 1,
      "ext": "./lib/cctv.py"
    },
    {
      "key": "csp_Ysgc",
      "name": "🎬️┃影视┃工厂",
      "type": 3,
      "api": "csp_Ysgc",
      "searchable": 1,
      "quickSearch": 1,
      "filterable": 1,
      "ext": "https://www.ysgc.fun"
    },
    {
      "key": "csp_Cokemv",
      "name": "🎀┃可乐┃影视",
      "type": 3,
      "api": "csp_Cokemv",
      "searchable": 1,
      "quickSearch": 1,
      "filterable": 0
    },
    {
      "key": "csp_Btwtoo",
      "name": "✌┃两个┃鼻涕",
      "type": 3,
      "api": "csp_Bttwoo",
      "searchable": 1,
      "quickSearch": 1,
      "filterable": 1
    },
    {
      "key": "csp_dadagui",
      "name": "🐢┃达龟┃影视",
      "type": 3,
      "api": "csp_XPathFilter",
      "searchable": 1,
      "quickSearch": 1,
      "filterable": 1,
      "ext": "./lib/达达龟.json"
    },
    {
      "key": "360_spider",
      "name": "💫┃三六┃影视",
      "type": 3,
      "api": "csp_SP33",
      "searchable": 1,
      "quickSearch": 1,
      "filterable": 1
    },
    {
      "key": "js_企鹅",
      "name": "🐧┃企鹅┃基地",
      "type": 3,
      "api": "./lib/drpy2.min.js",
      "searchable": 1,
      "quickSearch": 1,
      "filterable": 1,
      "ext": "./lib/qtv.js"
    },
    {
      "key": "js_奇异",
      "name": "🥝┃奇异┃大厂",
      "type": 3,
      "api": "./lib/drpy2.min.js",
      "searchable": 1,
      "quickSearch": 1,
      "filterable": 1,
      "ext": "./lib/qzys.js"
    },
    {
      "key": "js_芒果",
      "name": "🥭┃芒芒┃大厂",
      "type": 3,
      "api": "./lib/drpy2.min.js",
      "searchable": 1,
      "quickSearch": 1,
      "filterable": 1,
      "ext": "./lib/baimang.js"
    },
    {
      "key": "js_优酷",
      "name": "👑┃油库┃大厂",
      "type": 3,
      "api": "./lib/drpy2.min.js",
      "searchable": 1,
      "quickSearch": 1,
      "filterable": 1,
      "ext": "./lib/youku.js"
    },
    {
      "key": "js_菜狗",
      "name": "🐕️┃菜狗┃大厂",
      "type": 3,
      "api": "./lib/drpy2.min.js",
      "searchable": 1,
      "quickSearch": 1,
      "filterable": 1,
      "ext": "./lib/caigou.js"
    },
    {
      "key": "zy_新浪",
      "name": "🏄🏻┃新浪┃资源",
      "type": 1,
      "api": "https://api.xinlangapi.com/xinlangapi.php/provide/vod/",
      "searchable": 1,
      "quickSearch": 1,
      "filterable": 0,
      "categories": [
        "动漫",
        "综艺",
        "纪录片",
        "动作片",
        "爱情片",
        "科幻片",
        "战争片",
        "剧情片",
        "恐怖片",
        "喜剧片",
        "大陆剧",
        "港澳剧",
        "台湾剧",
        "欧美剧",
        "动漫电影",
        "韩剧",
        "日剧",
        "泰剧",
        "体育"
      ]
    },
    {
      "key": "api_xml_搜糊",
      "name": "️🦊┃搜糊┃影视",
      "type": 1,
      "api": "http://anltv.cn/api.php/provide/vod/from/sohu/?at/xml/",
      "playUrl": "https://jx.777jiexi.com/player/?url=",
      "searchable": 1,
      "quickSearch": 1,
      "filterable": 1,
      "categories": [
        "国产剧",
        "韩国剧",
        "香港剧",
        "台湾剧",
        "欧美剧",
        "动作片",
        "科幻片",
        "战争片",
        "奇幻片",
        "喜剧片",
        "爱情片",
        "恐怖片",
        "犯罪片",
        "悬疑片",
        "惊悚片",
        "剧情片",
        "冒险片",
        "记录片",
        "综艺",
        "动漫"
      ]
    },
    {
      "key": "js_酷狗MV",
      "name": "🎻┃酷狗┃音乐",
      "type": 3,
      "api": "./lib/drpy2.min.js",
      "searchable": 1,
      "quickSearch": 1,
      "filterable": 1,
      "ext": "./lib/酷狗MV.js"
    },
    {
      "key": "js_a8音乐",
      "name": "🎸┃奥迪┃音乐",
      "type": 3,
      "api": "./lib/drpy2.min.js",
      "searchable": 1,
      "quickSearch": 1,
      "filterable": 1,
      "ext": "./lib/a8音乐.js"
    },
    {
      "key": "csp_酷奇",
      "name": "🎤┃酷奇┃音乐",
      "type": 3,
      "api": "csp_XBPQ",
      "searchable": 0,
      "quickSearch": 0,
      "filterable": 0,
      "ext": "./lib/酷奇MV.json"
    },
    {
      "key": "csp_Anime1",
      "name": "🌸┃动漫┃系列",
      "type": 3,
      "api": "csp_Anime1",
      "searchable": 1,
      "quickSearch": 1,
      "filterable": 1
    },
    {
      "key": "js58",
      "name": "👩‍🎨┃五八┃动漫",
      "type": 3,
      "api": "./lib/drpy2.min.js",
      "searchable": 0,
      "quickSearch": 0,
      "filterable": 1,
      "ext": "./lib/58动漫.js"
    },
    {
      "key": "蓝猫动漫",
      "name": "🌊┃蓝猫┃动漫",
      "type": 3,
      "api": "csp_XBPQ",
      "ext": "分类:日漫$1#国漫$2#剧场$3#美漫$4#少儿$5,分类url:https://www.lmfun.vip/vodshow/area/{area}/by/{by}/class/{class}/id/{cateId}/page/{catePg}/year/{year}.html"
    },
    {
      "key": "csp_动漫巴士",
      "name": "🤖┃动漫┃巴士",
      "type": 3,
      "api": "csp_XPath",
      "searchable": 1,
      "quickSearch": 1,
      "filterable": 0,
      "ext": "./lib/动漫巴士.json"
    },
    {
      "key": "py_qie",
      "name": "🏀┃企鹅┃体育",
      "type": 3,
      "api": "py_qie",
      "searchable": 0,
      "quickSearch": 0,
      "filterable": 1,
      "ext": "./lib/qie.py"
    },
    {
      "key": "csp_鹅直播",
      "name": "🏀┃企鹅┃直播",
      "type": 3,
      "api": "csp_XPath",
      "searchable": 0,
      "quickSearch": 0,
      "filterable": 0,
      "ext": "./lib/qie.json"
    },
    {
      "key": "csp_17看球",
      "name": "⚽┃一起┃直播",
      "type": 3,
      "api": "csp_XYQBiu",
      "searchable": 0,
      "quickSearch": 0,
      "filterable": 0,
      "ext": "./lib/看球.json"
    },
    {
      "key": "js_310直播",
      "name": "🥎┃三一┃直播",
      "type": 3,
      "api": "./lib/drpy2.min.js",
      "searchable": 1,
      "quickSearch": 1,
      "filterable": 0,
      "ext": "./lib/310.js"
    },
    {
      "key": "js_88看球",
      "name": "🏀┃八八┃看球",
      "type": 3,
      "api": "./lib/drpy2.min.js",
      "searchable": 0,
      "quickSearch": 0,
      "filterable": 0,
      "ext": "./lib/88看球.js"
    },
    {
      "key": "js_JRKAN直播",
      "name": "🥎┃JRK┃看球",
      "type": 3,
      "api": "./lib/drpy2.min.js",
      "searchable": 1,
      "quickSearch": 1,
      "filterable": 0,
      "ext": "./lib/jrs看球.js"
    },
    {
      "key": "js_直播",
      "name": "🏀┃JRK┃直播",
      "type": 3,
      "api": "./lib/drpy2.min.js",
      "searchable": 0,
      "quickSearch": 0,
      "filterable": 0,
      "ext": "./lib/JRKAN.js"
    },
    {
      "key": "csp_Bili",
      "name": "🅱️┃哔哩┃合集",
      "type": 3,
      "api": "csp_Bili",
      "searchable": 1,
      "quickSearch": 0,
      "filterable": 1,
      "jar": "./lib/spider.txt;md5;FE7A16C03308099ADE4ED6A63B4ADC4C",
      "ext": "./lib/bili.json"
    },
    {
      "key": "py_dashan",
      "name": "💋┃搭讪┃教程",
      "type": 3,
      "api": "py_dashan",
      "searchable": 0,
      "quickSearch": 0,
      "filterable": 1,
      "ext": "./lib/搭讪.py"
    },
    {
      "key": "py_dapei",
      "name": "💃┃搭配┃教程",
      "type": 3,
      "api": "py_dapei",
      "searchable": 0,
      "quickSearch": 0,
      "filterable": 1,
      "ext": "./lib/搭配.py"
    },
    {
      "key": "js_B站精简",
      "name": "🅱️┃哔哩┃精简",
      "type": 3,
      "api": "./lib/drpy2.min.js",
      "searchable": 0,
      "quickSearch": 0,
      "filterable": 1,
      "ext": "./lib/B站精简.js"
    },
    {
      "key": "py_meishi",
      "name": "🅱️┃美食┃合集",
      "type": 3,
      "api": "py_meishi",
      "searchable": 0,
      "quickSearch": 0,
      "filterable": 1,
      "ext": "./lib/美食合集.py"
    },
    {
      "key": "py_youer",
      "name": "🅱️┃幼儿┃教育",
      "type": 3,
      "api": "py_youer",
      "searchable": 0,
      "quickSearch": 0,
      "filterable": 1,
      "ext": "./lib/youer.py"
    },
    {
      "key": "py_xiaoxue",
      "name": "🅱️┃小学┃教育",
      "type": 3,
      "api": "py_xiaoxue",
      "searchable": 0,
      "quickSearch": 0,
      "filterable": 1,
      "ext": "./lib/xiaoxue.py"
    },
    {
      "key": "py_czxx",
      "name": "🅱️┃初中┃教育",
      "type": 3,
      "api": "py_czxx",
      "searchable": 0,
      "quickSearch": 0,
      "filterable": 1,
      "ext": "./lib/chuzhong.py"
    },
    {
      "key": "py_gaozxx",
      "name": "🅱️┃高中┃教育",
      "type": 3,
      "api": "py_gaozxx",
      "searchable": 0,
      "quickSearch": 0,
      "filterable": 1,
      "ext": "./lib/gaozhong.py"
    },
    {
      "key": "py_zyy",
      "name": "🅱️┃中医┃药区",
      "type": 3,
      "api": "py_zyy",
      "searchable": 0,
      "quickSearch": 0,
      "filterable": 1,
      "ext": "./lib/zyy.py"
    },
    {
      "key": "py_xuqu1",
      "name": "🅱️┃戏曲┃合集",
      "type": 3,
      "api": "py_xuqu1",
      "searchable": 0,
      "quickSearch": 0,
      "filterable": 1,
      "ext": "./lib/xiqu.py"
    },
    {
      "key": "py_TYjs",
      "name": "🅱️┃体育┃健身",
      "type": 3,
      "api": "py_TYjs",
      "searchable": 0,
      "quickSearch": 0,
      "filterable": 1,
      "ext": "./lib/tiyu.py"
    },
    {
      "key": "py_xiangsh",
      "name": "🅱️┃相声┃小品",
      "type": 3,
      "api": "py_xiangsh",
      "searchable": 0,
      "quickSearch": 0,
      "filterable": 1,
      "ext": "./lib/xiaopin.py"
    },
    {
      "key": "py_FBqx",
      "name": "🅱️┃球队┃球星",
      "type": 3,
      "api": "py_FBqx",
      "searchable": 0,
      "quickSearch": 0,
      "filterable": 1,
      "ext": "./lib/qiudui.py"
    },
    {
      "key": "py_Meinvw",
      "name": "🅱️┃美女┃舞蹈",
      "type": 3,
      "api": "py_Meinvw",
      "searchable": 0,
      "quickSearch": 0,
      "filterable": 1,
      "ext": "./lib/meinv.py"
    },
    {
      "key": "py_yanchh",
      "name": "🅱️┃歌手┃合集",
      "type": 3,
      "api": "py_yanchh",
      "searchable": 0,
      "quickSearch": 0,
      "filterable": 1,
      "ext": "./lib/geshou.py"
    },
    {
      "key": "py_Nvtuan",
      "name": "🅱️┃女团┃热舞",
      "type": 3,
      "api": "py_Nvtuan",
      "searchable": 0,
      "quickSearch": 0,
      "filterable": 1,
      "ext": "./lib/nvtuan.py"
    },
    {
      "key": "MV_vod",
      "name": "🎹┃MTV┃合集",
      "type": 1,
      "api": "https://mv.wogg.link/mv/vod",
      "searchable": 1,
      "quickSearch": 1,
      "filterable": 1
    },
    {
      "key": "py_MTV",
      "name": "🅱️┃歌曲┃视频",
      "type": 3,
      "api": "py_MTV",
      "searchable": 0,
      "quickSearch": 0,
      "filterable": 1,
      "ext": "./lib/mtv.py"
    },
    {
      "key": "py_Yinl2",
      "name": "🅱️┃音悦┃合集",
      "type": 3,
      "api": "py_Yinl2",
      "searchable": 0,
      "quickSearch": 0,
      "filterable": 1,
      "ext": "./lib/yinyue.py"
    },
    {
      "key": "js_哔哩直播",
      "name": "🅱️┃哔哩┃直播",
      "type": 3,
      "api": "./lib/drpy2.min.js",
      "searchable": 0,
      "quickSearch": 0,
      "filterable": 0,
      "ext": "./lib/哔哩直播.js"
    },
    {
      "key": "短视频",
      "name": "📱┃网红┃美女",
      "type": 3,
      "api": "csp_XBPQ",
      "searchable": 0,
      "quickSearch": 0,
      "filterable": 0,
      "ext": "./lib/短视频聚合.json"
    },
    {
      "key": "js_Yj1211直播",
      "name": "👑┃直播┃合集",
      "type": 3,
      "api": "./lib/drpy2.min.js",
      "searchable": 1,
      "quickSearch": 1,
      "filterable": 0,
      "ext": "./lib/jrslive.js"
    },
    {
      "key": "py_huya",
      "name": "🐯┃虎牙┃[PY]",
      "type": 3,
      "api": "py_huya",
      "searchable": 0,
      "quickSearch": 0,
      "filterable": 1,
      "ext": "./lib/pyhuya.py"
    },
    {
      "key": "csp_虎牙",
      "name": "🐯┃虎牙┃直播",
      "type": 3,
      "api": "csp_XYQHiker",
      "searchable": 0,
      "quickSearch": 0,
      "filterable": 0,
      "jar": "./lib/spider.txt;md5;FE7A16C03308099ADE4ED6A63B4ADC4C",
      "ext": "./lib/虎牙.json"
    },
    {
      "key": "js_斗鱼直播",
      "name": "🦈┃斗鱼┃直播",
      "type": 3,
      "api": "./lib/drpy2.min.js",
      "searchable": 0,
      "quickSearch": 0,
      "filterable": 0,
      "ext": "./lib/斗鱼.js"
    },
    {
      "key": "网易CC",
      "name": "🐠┃网易┃[CC]",
      "type": 3,
      "api": "csp_XYQBiu",
      "searchable": 0,
      "quickSearch": 0,
      "filterable": 0,
      "ext": "./lib/网易CC.json"
    },
    {
      "key": "js_i275听书",
      "name": "📚️┃听书┃i275",
      "type": 3,
      "api": "./lib/drpy2.min.js",
      "changeable": 0,
      "style": {
        "type": "rect",
        "ratio": 1
      },
      "ext": "./lib/i275.js"
    },
    {
      "key": "js_爱上你听书网",
      "name": "📚️┃听书┃爱尚",
      "type": 3,
      "api": "./lib/drpy2.min.js",
      "changeable": 0,
      "style": {
        "type": "rect",
        "ratio": 1
      },
      "ext": "https://jihulab.com/duomv/xduo/-/raw/main/libs/aishang.js"
    },
    {
      "key": "js_博看听书",
      "name": "📚️┃听书┃博看",
      "type": 3,
      "api": "./lib/drpy2.min.js",
      "changeable": 0,
      "style": {
        "type": "rect",
        "ratio": 1
      },
      "ext": "./lib/bokan.js"
    },
    {
      "key": "js_海洋听书",
      "name": "📚️┃听书┃海洋",
      "type": 3,
      "api": "./lib/drpy2.min.js",
      "changeable": 0,
      "style": {
        "type": "rect",
        "ratio": 1
      },
      "ext": "./lib/sea.js"
    },
    {
      "key": "js_六月听书",
      "name": "📚️┃听书┃六月",
      "type": 3,
      "api": "./lib/drpy2.min.js",
      "changeable": 0,
      "style": {
        "type": "rect",
        "ratio": 1
      },
      "ext": "./lib/6yue.js"
    },
    {
      "key": "js_听书网",
      "name": "📚️┃听书┃天天",
      "type": 3,
      "api": "./lib/drpy2.min.js",
      "changeable": 0,
      "style": {
        "type": "rect",
        "ratio": 1
      },
      "ext": "./lib/tingshu.js"
    },
    {
      "key": "js_有声小说",
      "name": "📚️┃听书┃有声",
      "type": 3,
      "api": "./lib/drpy2.min.js",
      "changeable": 0,
      "style": {
        "type": "rect",
        "ratio": 1
      },
      "ext": "./lib/yousheng.js"
    },
    {
      "key": "js_中华听书网",
      "name": "📚️┃听书┃中华",
      "type": 3,
      "api": "./lib/drpy2.min.js",
      "changeable": 0,
      "style": {
        "type": "rect",
        "ratio": 1
      },
      "ext": "./lib/zhonghua.js"
    },
    {
      "key": "push_agent",
      "name": "📨┃影视┃推送",
      "type": 3,
      "api": "csp_Push",
      "searchable": 0,
      "quickSearch": 0,
      "filterable": 0,
      "ext": "http://127.0.0.1:9978/file/tvbox/token.txt+4k|fhd|auto"
    },
    {
      "key": "提示",
      "name": "公众号：多多影音",
      "type": 3,
      "api": "360",
      "searchable": 1,
      "quickSearch": 1,
      "filterable": 1
    },
    {
      "key": "说明",
      "name": "软件接口完全免费",
      "type": 3,
      "api": "360",
      "searchable": 1,
      "quickSearch": 1,
      "filterable": 1
    }
  ],
  "lives": [
    {
      "name": "影视",
      "url": "./lib/v.txt",
      "type": 0,
      "epg": "http://epg.51zmt.top:8000/api/diyp/?ch={name}&date={date}",
      "logo": "https://epg.112114.xyz/logo/{name}.png"
    },
    {
      "group": "redirect",
      "channels": [
        {
          "name": "live",
          "epg": "http://epg.51zmt.top:8000/api/diyp/?ch={name}&date={date}",
          "urls": [
            "proxy://do=live&type=txt&ext=aHR0cHM6Ly9hZ2l0LmFpL2xlZXZpL2R1by9yYXcvYnJhbmNoL21hc3Rlci92LnR4dA=="
          ]
        }
      ]
    }
  ],
  "rules": [
    {
      "name": "wowo",
      "hosts": [
        "vip.123pan.cn",
        "rescdn.wuxivlog.cn"
      ],
      "regex": [
        "#EXT-X-DISCONTINUITY\\r*\\n*#EXTINF:20.840000,[\\s\\S]*?#EXT-X-DISCONTINUITY",
        "#EXT-X-DISCONTINUITY\\r*\\n*#EXTINF:10.120000,[\\s\\S]*?#EXT-X-DISCONTINUITY",
        "#EXTINF.*?\\s+.*?1o.*?\\.ts\\s+"
      ]
    },
    {
      "name": "CL",
      "hosts": [
        "magnet"
      ],
      "regex": [
        "最 新",
        "直 播",
        "更 新"
      ]
    },
    {
      "name": "锁你",
      "hosts": [
        "suonizy"
      ],
      "regex": [
        "15.1666"
      ]
    },
    {
      "name": "抱疯",
      "hosts": [
        "bfzy"
      ],
      "regex": [
        "#EXT-X-DISCONTINUITY\\r*\\n*#EXTINF:3,[\\s\\S]*?#EXT-X-DISCONTINUITY"
      ]
    },
    {
      "name": "亮子",
      "hosts": [
        "vip.lz",
        "hd.lz",
        "v.cdnlz"
      ],
      "regex": [
        "#EXT-X-DISCONTINUITY\\r*\\n*#EXTINF:6.433333,[\\s\\S]*?#EXT-X-DISCONTINUITY",
        "#EXTINF.*?\\s+.*?1o.*?\\.ts\\s+"
      ]
    },
    {
      "name": "飞幡",
      "hosts": [
        "vip.ffzy",
        "hd.ffzy"
      ],
      "regex": [
        "#EXT-X-DISCONTINUITY\\r*\\n*#EXTINF:6.666667,[\\s\\S]*?#EXT-X-DISCONTINUITY",
        "#EXTINF.*?\\s+.*?1o.*?\\.ts\\s+"
      ]
    },
    {
      "name": "伙散",
      "hosts": [
        "huoshan.com"
      ],
      "regex": [
        "item_id="
      ]
    },
    {
      "name": "痘印",
      "hosts": [
        "douyin.com"
      ],
      "regex": [
        "is_play_url="
      ]
    },
    {
      "name": "农民",
      "hosts": [
        "toutiaovod.com"
      ],
      "regex": [
        "video/tos/cn"
      ]
    }
  ],
  "parses": [
    {
      "name": "解析聚合",
      "type": 3,
      "url": "Demo"
    },
    {
      "name": "并发",
      "type": 2,
      "url": "Parallel"
    },
    {
      "name": "轮询",
      "type": 2,
      "url": "Sequence"
    },
    {
      "name": "自动解析",
      "type": 1,
      "url": "https://api.tyun77.cn/api.php/provide/parseDicturl?url=",
      "ext": {
        "flag": [
          "qq",
          "腾讯",
          "qiyi",
          "爱奇艺",
          "奇艺",
          "youku",
          "优酷",
          "sohu",
          "搜狐",
          "letv",
          "乐视",
          "mgtv",
          "芒果",
          "imgo",
          "rx",
          "ltnb",
          "bilibili",
          "1905",
          "xigua"
        ]
      }
    },
    {
      "name": "手动解析",
      "type": 1,
      "url": "https://www.playm3u8.cn/jiexi.php?url=",
      "ext": {
        "flag": [
          "qq",
          "腾讯",
          "qiyi",
          "iqiyi",
          "爱奇艺",
          "奇艺",
          "youku",
          "优酷",
          "mgtv",
          "芒果",
          "letv",
          "乐视",
          "pptv",
          "PPTV",
          "sohu",
          "bilibili",
          "哔哩哔哩",
          "哔哩"
        ]
      }
    },
    {
      "name": "1号线",
      "type": 0,
      "url": "https://vip.lianfaka.com/vip/?url=",
      "ext": {
        "flag": [
          "qq",
          "腾讯",
          "qiyi",
          "爱奇艺",
          "奇艺",
          "youku",
          "优酷",
          "mgtv",
          "芒果",
          "letv",
          "乐视",
          "pptv",
          "PPTV",
          "sohu",
          "bilibili",
          "哔哩哔哩",
          "哔哩"
        ],
        "header": {
          "User-Agent": "okhttp/4.1.0"
        }
      }
    },
    {
      "name": "2号线",
      "type": 0,
      "url": "https://jx.777jiexi.com/player/?url="
    },
    {
      "name": "3号线",
      "type": 0,
      "url": "https://jx.xmflv.com/?url="
    },
    {
      "name": "4号线",
      "type": 0,
      "url": "https://www.pouyun.com/?url="
    },
    {
      "name": "5号线",
      "type": 0,
      "url": "https://api.jiexi.la/?url="
    },
    {
      "name": "6号线",
      "type": 0,
      "url": "https://www.pangujiexi.com/pangu/?url="
    },
    {
      "name": "7号线",
      "type": 0,
      "url": "https://parse.mw0.cc/?url="
    },
    {
      "name": "8号线",
      "type": 0,
      "url": "https://jx.iztyy.com/svip/?url="
    },
    {
      "name": "9号线",
      "type": 0,
      "url": "https://jx.ppflv.com/?url="
    },
    {
      "name": "10号线",
      "type": 0,
      "url": "https://jx.m3u8.tv/jiexi/?url="
    },
    {
      "name": "11号线",
      "type": 0,
      "url": "https://jx.xyflv.com/?url="
    },
    {
      "name": "12号线",
      "type": 0,
      "url": "https://jx.jsonplayer.com/player/?url="
    },
    {
      "name": "13号线",
      "type": 0,
      "url": "https://jx.bozrc.com:4433/player/?url="
    },
    {
      "name": "14号线",
      "type": 0,
      "url": "https://jx.parwix.com:4433/player/analysis.php?v=",
      "ext": {
        "flag": [
          "qq",
          "腾讯",
          "qiyi",
          "iqiyi",
          "爱奇艺",
          "奇艺",
          "youku",
          "优酷",
          "mgtv",
          "芒果",
          "letv",
          "乐视",
          "pptv",
          "PPTV",
          "sohu",
          "bilibili",
          "哔哩哔哩",
          "哔哩"
        ]
      }
    },
    {
      "name": "15号线",
      "type": 0,
      "url": "https://www.nxflv.com/?url="
    },
    {
      "name": "16号线",
      "type": 0,
      "url": "https://www.yemu.xyz/?url=",
      "ext": {
        "flag": [
          "qq",
          "腾讯",
          "qiyi",
          "iqiyi",
          "爱奇艺",
          "奇艺",
          "youku",
          "优酷",
          "mgtv",
          "芒果",
          "letv",
          "乐视",
          "pptv",
          "PPTV",
          "sohu",
          "bilibili",
          "哔哩哔哩",
          "哔哩"
        ]
      }
    },
    {
      "name": "17号线",
      "type": 0,
      "url": "https://jx.zhanlangbu.com/?url=",
      "ext": {
        "header": {
          "User-Agent": "okhttp/4.1.0"
        },
        "flag": [
          "qq",
          "腾讯",
          "qiyi",
          "爱奇艺",
          "奇艺",
          "youku",
          "优酷",
          "mgtv",
          "芒果",
          "letv",
          "乐视",
          "pptv",
          "PPTV",
          "sohu",
          "bilibili",
          "哔哩哔哩",
          "哔哩"
        ]
      }
    },
    {
      "name": "18号线",
      "type": 0,
      "url": "https://jx.m3u8.pw/?url="
    }
  ],
  "flags": [
    "youku",
    "优酷",
    "优 酷",
    "优酷视频",
    "qq",
    "腾讯",
    "腾 讯",
    "腾讯视频",
    "iqiyi",
    "qiyi",
    "奇艺",
    "爱奇艺",
    "爱 奇 艺",
    "m1905",
    "xigua",
    "letv",
    "leshi",
    "乐视",
    "乐 视",
    "sohu",
    "搜狐",
    "搜 狐",
    "搜狐视频",
    "tudou",
    "pptv",
    "mgtv",
    "芒果",
    "imgo",
    "芒果TV",
    "芒 果 T V",
    "bilibili",
    "哔 哩",
    "哔 哩 哔 哩"
  ],
  "ijk": [
    {
      "group": "软解码",
      "options": [
        {
          "category": 4,
          "name": "opensles",
          "value": "0"
        },
        {
          "category": 4,
          "name": "overlay-format",
          "value": "842225234"
        },
        {
          "category": 4,
          "name": "framedrop",
          "value": "1"
        },
        {
          "category": 4,
          "name": "soundtouch",
          "value": "1"
        },
        {
          "category": 4,
          "name": "start-on-prepared",
          "value": "1"
        },
        {
          "category": 1,
          "name": "http-detect-range-support",
          "value": "0"
        },
        {
          "category": 1,
          "name": "fflags",
          "value": "fastseek"
        },
        {
          "category": 2,
          "name": "skip_loop_filter",
          "value": "48"
        },
        {
          "category": 4,
          "name": "reconnect",
          "value": "1"
        },
        {
          "category": 4,
          "name": "max-buffer-size",
          "value": "5242880"
        },
        {
          "category": 4,
          "name": "enable-accurate-seek",
          "value": "0"
        },
        {
          "category": 4,
          "name": "mediacodec",
          "value": "0"
        },
        {
          "category": 4,
          "name": "mediacodec-auto-rotate",
          "value": "0"
        },
        {
          "category": 4,
          "name": "mediacodec-handle-resolution-change",
          "value": "0"
        },
        {
          "category": 4,
          "name": "mediacodec-hevc",
          "value": "0"
        },
        {
          "category": 1,
          "name": "dns_cache_timeout",
          "value": "600000000"
        }
      ]
    },
    {
      "group": "硬解码",
      "options": [
        {
          "category": 4,
          "name": "opensles",
          "value": "0"
        },
        {
          "category": 4,
          "name": "overlay-format",
          "value": "842225234"
        },
        {
          "category": 4,
          "name": "framedrop",
          "value": "1"
        },
        {
          "category": 4,
          "name": "soundtouch",
          "value": "1"
        },
        {
          "category": 4,
          "name": "start-on-prepared",
          "value": "1"
        },
        {
          "category": 1,
          "name": "http-detect-range-support",
          "value": "0"
        },
        {
          "category": 1,
          "name": "fflags",
          "value": "fastseek"
        },
        {
          "category": 2,
          "name": "skip_loop_filter",
          "value": "48"
        },
        {
          "category": 4,
          "name": "reconnect",
          "value": "1"
        },
        {
          "category": 4,
          "name": "max-buffer-size",
          "value": "5242880"
        },
        {
          "category": 4,
          "name": "enable-accurate-seek",
          "value": "0"
        },
        {
          "category": 4,
          "name": "mediacodec",
          "value": "1"
        },
        {
          "category": 4,
          "name": "mediacodec-auto-rotate",
          "value": "1"
        },
        {
          "category": 4,
          "name": "mediacodec-handle-resolution-change",
          "value": "1"
        },
        {
          "category": 4,
          "name": "mediacodec-hevc",
          "value": "1"
        },
        {
          "category": 1,
          "name": "dns_cache_timeout",
          "value": "600000000"
        }
      ]
    }
  ],
  "ads": [
    "raw.githubusercontent.com",
    "googlevideo.com",
    "cdn.v82u1l.com",
    "cdn.iz8qkg.com",
    "cdn.kin6c1.com",
    "c.biggggg.com",
    "c.olddddd.com",
    "haiwaikan.com",
    "www.histar.tv",
    "youtube.com",
    "uhibo.com",
    ".*boku.*",
    ".*nivod.*",
    ".*ulivetv.*",
    "wan.51img1.com",
    "iqiyi.hbuioo.com",
    "vip.ffzyad.com",
    "mimg.0c1q0l.cn",
    "www.googletagmanager.com",
    "www.google-analytics.com",
    "mc.usihnbcq.cn",
    "mg.g1mm3d.cn",
    "mscs.svaeuzh.cn",
    "cnzz.hhttm.top",
    "tp.vinuxhome.com",
    "cnzz.mmstat.com",
    "www.baihuillq.com",
    "s23.cnzz.com",
    "z3.cnzz.com",
    "c.cnzz.com",
    "stj.v1vo.top",
    "z12.cnzz.com",
    "img.mosflower.cn",
    "tips.gamevvip.com",
    "ehwe.yhdtns.com",
    "xdn.cqqc3.com",
    "www.jixunkyy.cn",
    "sp.chemacid.cn",
    "hm.baidu.com",
    "s9.cnzz.com",
    "z6.cnzz.com",
    "um.cavuc.com",
    "mav.mavuz.com",
    "wofwk.aoidf3.com",
    "z5.cnzz.com",
    "xc.hubeijieshikj.cn",
    "tj.tianwenhu.com",
    "xg.gars57.cn",
    "k.jinxiuzhilv.com",
    "cdn.bootcss.com",
    "ppl.xunzhuo123.com",
    "xomk.jiangjunmh.top",
    "img.xunzhuo123.com",
    "z1.cnzz.com",
    "s13.cnzz.com",
    "xg.huataisangao.cn",
    "z7.cnzz.com",
    "xg.huataisangao.cn",
    "z2.cnzz.com",
    "s96.cnzz.com",
    "q11.cnzz.com",
    "thy.dacedsfa.cn",
    "xg.whsbpw.cn",
    "s19.cnzz.com",
    "z8.cnzz.com",
    "s4.cnzz.com",
    "f5w.as12df.top",
    "ae01.alicdn.com",
    "www.92424.cn",
    "k.wudejia.com",
    "vivovip.mmszxc.top",
    "qiu.xixiqiu.com",
    "cdnjs.hnfenxun.com",
    "cms.qdwght.com",
    "api.htpan.net",
    "https://lf1-cdn-tos.bytegoofy.com/obj/tos-cn-i-dy/455ccf9e8ae744378118e4bd289288dd"
  ],
  "wallpaper": "https://jianbian.chuqiuyu.tk",
  "warningText": "接口免费整理维护，请勿付费购买",
  "spider": "./custom_spider.jar;md5;1948098B2A3D81773E059F00A1D97224"
}