[{"huigezi.json":{"huigezi.json":"{\"spider\":\"https://ghproxy.com/https://raw.githubusercontent.com/FongMi/CatVodSpider/main/jar/custom_spider.jar\",\n \"sites\":[\n {\"key\":\"drpy_js_豆瓣\",\"name\":\"豆瓣 | 热播[js]\",\"type\":3,\"api\":\"https://ghproxy.com/https://raw.githubusercontent.com/hjdhnx/dr_py/main/libs/drpy2.min.js\",\"ext\":\"https://ghproxy.com/https://raw.githubusercontent.com/hjdhnx/dr_py/main/js/drpy.js\"},\n {\"key\":\"drpy_js_荐片\",\"name\":\"荐片 | 影视[js]\",\"type\":3,\"api\":\"https://ghproxy.com/https://raw.githubusercontent.com/hjdhnx/dr_py/main/libs/drpy2.min.js\",\"ext\":\"https://ghproxy.com/https://raw.githubusercontent.com/hjdhnx/dr_py/main/js/荐片.js\"},\n {\"key\":\"drpy_js_爱看机器人\",\"name\":\"爱看 | 机器[js]\",\"type\":3,\"api\":\"https://ghproxy.com/https://raw.githubusercontent.com/hjdhnx/dr_py/main/libs/drpy2.min.js\",\"ext\":\"https://ghproxy.com/https://raw.githubusercontent.com/hjdhnx/dr_py/main/js/ikanbot2.js\"},\n{\"key\": \"csp_WoGG\",\"name\": \"阿里 ┃ 玩偶[4K]\",\"type\": 3,\"api\": \"csp_WoGG\",\"searchable\": 1,\"quickSearch\": 1,\"filterable\": 1,\"ext\": \"http://127.0.0.1:9978/file/tvbox/token.txt$$$http://tvfan.xxooo.cf/\"},\n{\"key\": \"csp_阿里七夜\",\"name\": \"阿里 ┃ 七夜[4K]\",\"type\": 3,\"api\": \"csp_Dovx\",\"searchable\": 1,\"quickSearch\": 1,\"filterable\": 0,\"ext\": \"http://127.0.0.1:9978/file/tvbox/token.txt\"},\n{\"key\":\"csp_TuGou\",\"name\":\"阿里 ┃ 土狗[4K]\",\"type\":3,\"api\":\"csp_TuGou\",\"searchable\":1,\"quickSearch\":1,\"filterable\":0,\"ext\":\"http://127.0.0.1:9978/file/tvbox/token.txt\"},\t\t\t\t\n{\"key\":\"PanSearch\",\"name\":\"阿里 ┃ PanS[4K]\",\"type\":3,\"api\":\"csp_PanSearch\",\"searchable\":1,\"quickSearch\":1,\"filterable\":0,\"ext\":\"http://127.0.0.1:9978/file/tvbox/token.txt\"},\t\n{\"key\": \"Upyunso\",\"name\": \"阿里 ┃ 云搜[4K]\",\"type\": 3,\"api\": \"csp_UpYun\",\"searchable\": 1,\"quickSearch\": 1,\"filterable\": 0,\"ext\": \"http://127.0.0.1:9978/file/tvbox/token.txt\"},\n{\"key\": \"Alips\",\"name\": \"阿里 ┃ 盘搜[4K]\",\"type\": 3,\"api\": \"csp_PanSou\",\"searchable\": 1,\"quickSearch\": 1,\"filterable\": 0,\"ext\": \"http://127.0.0.1:9978/file/tvbox/token.txt\"},\n{\"key\": \"Zhaozy\",\"name\": \"阿里 ┃ 找片[4K]\",\"type\": 3,\"api\": \"csp_Zhaozy\",\"searchable\": 1,\"quickSearch\": 1,\"filterable\": 0,\"ext\": \"http://127.0.0.1:9978/file/tvbox/token.txt$$$自己去注册$$$qq112233\"},\n{\"key\":\"drpy_js_我的哔哩\",\"name\":\"B站 | 合集[js]\",\"type\":3,\"api\":\"https://ghproxy.com/https://raw.githubusercontent.com/hjdhnx/dr_py/main/libs/drpy2.min.js\",\"ext\":\"https://ghproxy.com/https://raw.githubusercontent.com/hjdhnx/dr_py/main/js/我的哔哩.js\"},\n{\"key\":\"AList\",\"name\":\"网盘 | Alist[jar]\",\"type\":3,\"api\":\"csp_AList\",\"ext\":\"https://ghproxy.com/https://raw.githubusercontent.com/FongMi/CatVodSpider/main/json/alist.json\"},\n{\"key\":\"drpy_js_Alist\",\"name\":\"网盘 | Alist[js]\",\"type\":3,\"api\":\"https://ghproxy.com/https://raw.githubusercontent.com/hjdhnx/dr_py/main/libs/alist.min.js\",\"ext\":\"https://ghproxy.com/https://raw.githubusercontent.com/hjdhnx/dr_py/main/txt/json/alist.json\"},\n{\"key\":\"drpy_js_360影视\",\"name\":\"官源 | 360[js]\",\"type\":3,\"api\":\"https://ghproxy.com/https://raw.githubusercontent.com/hjdhnx/dr_py/main/libs/drpy2.min.js\",\"ext\":\"https://ghproxy.com/https://raw.githubusercontent.com/hjdhnx/dr_py/main/js/360影视.js\"},\n{\"key\":\"drpy_js_奇珍异兽\",\"name\":\"官源 | 爱奇艺[js]\",\"type\":3,\"api\":\"https://ghproxy.com/https://raw.githubusercontent.com/hjdhnx/dr_py/main/libs/drpy2.min.js\",\"ext\":\"https://ghproxy.com/https://raw.githubusercontent.com/hjdhnx/dr_py/main/js/奇珍异兽.js\"},\n{\"key\":\"drpy_js_优酷\",\"name\":\"官源 | 优酷[js]\",\"type\":3,\"api\":\"https://ghproxy.com/https://raw.githubusercontent.com/hjdhnx/dr_py/main/libs/drpy2.min.js\",\"ext\":\"https://ghproxy.com/https://raw.githubusercontent.com/hjdhnx/dr_py/main/js/优酷.js\"},\n{\"key\":\"drpy_js_腾云驾雾\",\"name\":\"官源 | 腾讯[js]\",\"type\":3,\"api\":\"https://ghproxy.com/https://raw.githubusercontent.com/hjdhnx/dr_py/main/libs/drpy2.min.js\",\"ext\":\"https://ghproxy.com/https://raw.githubusercontent.com/hjdhnx/dr_py/main/js/腾云驾雾.js\"},\n{\"key\":\"drpy_js_百忙无果\",\"name\":\"官源 | 芒果[js]\",\"type\":3,\"api\":\"https://ghproxy.com/https://raw.githubusercontent.com/hjdhnx/dr_py/main/libs/drpy2.min.js\",\"ext\":\"https://ghproxy.com/https://raw.githubusercontent.com/hjdhnx/dr_py/main/js/百忙无果.js\"},\n{\"key\":\"drpy_js_菜狗\",\"name\":\"官源 | 搜狗[js]\",\"type\":3,\"api\":\"https://ghproxy.com/https://raw.githubusercontent.com/hjdhnx/dr_py/main/libs/drpy2.min.js\",\"ext\":\"https://ghproxy.com/https://raw.githubusercontent.com/hjdhnx/dr_py/main/js/菜狗.js\"},\n{\"key\":\"drpy_js_人人\",\"name\":\"影视 | 人人[js]\",\"type\":3,\"api\":\"https://ghproxy.com/https://raw.githubusercontent.com/hjdhnx/dr_py/main/libs/drpy2.min.js\",\"ext\":\"https://ghproxy.com/https://raw.githubusercontent.com/hjdhnx/dr_py/main/js/人人.js\"},\n{\"key\":\"drpy_js_低端\",\"name\":\"影视 | 低端[js]\",\"type\":3,\"api\":\"https://ghproxy.com/https://raw.githubusercontent.com/hjdhnx/dr_py/main/libs/drpy2.min.js\",\"ext\":\"https://ghproxy.com/https://raw.githubusercontent.com/hjdhnx/dr_py/main/js/ddys.js\"},\n{\"key\":\"drpy_js_农民\",\"name\":\"影视 | 农民[js]\",\"type\":3,\"api\":\"https://ghproxy.com/https://raw.githubusercontent.com/hjdhnx/dr_py/main/libs/drpy2.min.js\",\"ext\":\"https://ghproxy.com/https://raw.githubusercontent.com/hjdhnx/dr_py/main/js/农民影视.js\"},\n{\"key\":\"drpy_js_大豆\",\"name\":\"影视 | 大豆[js]\",\"type\":3,\"api\":\"https://ghproxy.com/https://raw.githubusercontent.com/hjdhnx/dr_py/main/libs/drpy2.min.js\",\"ext\":\"https://ghproxy.com/https://raw.githubusercontent.com/hjdhnx/dr_py/main/js/大豆.js\"},\n{\"key\":\"drpy_js_九酷\",\"name\":\"影视 | 九酷[js]\",\"type\":3,\"api\":\"https://ghproxy.com/https://raw.githubusercontent.com/hjdhnx/dr_py/main/libs/drpy2.min.js\",\"ext\":\"https://ghproxy.com/https://raw.githubusercontent.com/hjdhnx/dr_py/main/js/九酷.js\"},\n{\"key\":\"drpy_js_l0l\",\"name\":\"影视 | l0l[js]\",\"type\":3,\"api\":\"https://ghproxy.com/https://raw.githubusercontent.com/hjdhnx/dr_py/main/libs/drpy2.min.js\",\"ext\":\"https://ghproxy.com/https://raw.githubusercontent.com/hjdhnx/dr_py/main/js/l0l.js\"},\n{\"key\":\"drpy_js_网飞.TV\",\"name\":\"影视 | 网飞.TV[js]\",\"type\":3,\"api\":\"https://ghproxy.com/https://raw.githubusercontent.com/hjdhnx/dr_py/main/libs/drpy2.min.js\",\"ext\":\"https://ghproxy.com/https://raw.githubusercontent.com/hjdhnx/dr_py/main/js/网飞.TV.js\"},\n{\"key\":\"drpy_js_乐猪TV\",\"name\":\"影视 | 乐猪TV[js]\",\"type\":3,\"api\":\"https://ghproxy.com/https://raw.githubusercontent.com/hjdhnx/dr_py/main/libs/drpy2.min.js\",\"ext\":\"https://ghproxy.com/https://raw.githubusercontent.com/hjdhnx/dr_py/main/js/乐猪TV.js\"},\n{\"key\":\"drpy_js_六度TV\",\"name\":\"影视 | 六度TV[js]\",\"type\":3,\"api\":\"https://ghproxy.com/https://raw.githubusercontent.com/hjdhnx/dr_py/main/libs/drpy2.min.js\",\"ext\":\"https://ghproxy.com/https://raw.githubusercontent.com/hjdhnx/dr_py/main/js/六度TV.js\"},\n{\"key\":\"drpy_js_花猫TV\",\"name\":\"影视 | 花猫TV[js]\",\"type\":3,\"api\":\"https://ghproxy.com/https://raw.githubusercontent.com/hjdhnx/dr_py/main/libs/drpy2.min.js\",\"ext\":\"https://ghproxy.com/https://raw.githubusercontent.com/hjdhnx/dr_py/main/js/花猫TV.js\"},\n{\"key\":\"drpy_js_TV云播\",\"name\":\"影视 | TV云播[js]\",\"type\":3,\"api\":\"https://ghproxy.com/https://raw.githubusercontent.com/hjdhnx/dr_py/main/libs/drpy2.min.js\",\"ext\":\"https://ghproxy.com/https://raw.githubusercontent.com/hjdhnx/dr_py/main/js/tva云播.js\"},\n{\"key\":\"drpy_js_真不卡\",\"name\":\"影视 | 真不卡[js]\",\"type\":3,\"api\":\"https://ghproxy.com/https://raw.githubusercontent.com/hjdhnx/dr_py/main/libs/drpy2.min.js\",\"ext\":\"https://ghproxy.com/https://raw.githubusercontent.com/hjdhnx/dr_py/main/js/真不卡.js\"},\n{\"key\":\"drpy_js_新片场\",\"name\":\"影视 | 新片场[js]\",\"type\":3,\"api\":\"https://ghproxy.com/https://raw.githubusercontent.com/hjdhnx/dr_py/main/libs/drpy2.min.js\",\"ext\":\"https://ghproxy.com/https://raw.githubusercontent.com/hjdhnx/dr_py/main/js/新片场.js\"},\n{\"key\":\"drpy_js_皮皮鸭\",\"name\":\"影视 | 皮皮鸭[js]\",\"type\":3,\"api\":\"https://ghproxy.com/https://raw.githubusercontent.com/hjdhnx/dr_py/main/libs/drpy2.min.js\",\"ext\":\"https://ghproxy.com/https://raw.githubusercontent.com/hjdhnx/dr_py/main/js/皮皮鸭.js\"},\n{\"key\":\"drpy_js_慢大浪\",\"name\":\"影视 | 慢大浪[js]\",\"type\":3,\"api\":\"https://ghproxy.com/https://raw.githubusercontent.com/hjdhnx/dr_py/main/libs/drpy2.min.js\",\"ext\":\"https://ghproxy.com/https://raw.githubusercontent.com/hjdhnx/dr_py/main/js/慢大浪.js\"},\n{\"key\":\"drpy_js_看看屋\",\"name\":\"影视 | 看看屋[js]\",\"type\":3,\"api\":\"https://ghproxy.com/https://raw.githubusercontent.com/hjdhnx/dr_py/main/libs/drpy2.min.js\",\"ext\":\"https://ghproxy.com/https://raw.githubusercontent.com/hjdhnx/dr_py/main/js/看看屋.js\"},\n{\"key\":\"drpy_js_哔哩兔\",\"name\":\"影视 | 哔哩兔[js]\",\"type\":3,\"api\":\"https://ghproxy.com/https://raw.githubusercontent.com/hjdhnx/dr_py/main/libs/drpy2.min.js\",\"ext\":\"https://ghproxy.com/https://raw.githubusercontent.com/hjdhnx/dr_py/main/js/哔哩兔.js\"},\n{\"key\":\"drpy_js_追剧兔\",\"name\":\"影视 | 追剧兔[js]\",\"type\":3,\"api\":\"https://ghproxy.com/https://raw.githubusercontent.com/hjdhnx/dr_py/main/libs/drpy2.min.js\",\"ext\":\"https://ghproxy.com/https://raw.githubusercontent.com/hjdhnx/dr_py/main/js/追剧兔.js\"},\n{\"key\":\"drpy_js_影渣渣\",\"name\":\"影视 | 影渣渣[js]\",\"type\":3,\"api\":\"https://ghproxy.com/https://raw.githubusercontent.com/hjdhnx/dr_py/main/libs/drpy2.min.js\",\"ext\":\"https://ghproxy.com/https://raw.githubusercontent.com/hjdhnx/dr_py/main/js/影渣渣.js\"},\n{\"key\":\"drpy_js_柒之社\",\"name\":\"影视 | 柒之社[js]\",\"type\":3,\"api\":\"https://ghproxy.com/https://raw.githubusercontent.com/hjdhnx/dr_py/main/libs/drpy2.min.js\",\"ext\":\"https://ghproxy.com/https://raw.githubusercontent.com/hjdhnx/dr_py/main/js/柒之社.js\"},\n{\"key\":\"drpy_js_免费看\",\"name\":\"影视 | 免费看[js]\",\"type\":3,\"api\":\"https://ghproxy.com/https://raw.githubusercontent.com/hjdhnx/dr_py/main/libs/drpy2.min.js\",\"ext\":\"https://ghproxy.com/https://raw.githubusercontent.com/hjdhnx/dr_py/main/js/免费看.js\"},\n{\"key\":\"drpy_js_小猫咪\",\"name\":\"影视 | 小猫咪[js]\",\"type\":3,\"api\":\"https://ghproxy.com/https://raw.githubusercontent.com/hjdhnx/dr_py/main/libs/drpy2.min.js\",\"ext\":\"https://ghproxy.com/https://raw.githubusercontent.com/hjdhnx/dr_py/main/js/小猫咪.js\"},\n{\"key\":\"drpy_js_看韩剧\",\"name\":\"影视 | 看韩剧[js]\",\"type\":3,\"api\":\"https://ghproxy.com/https://raw.githubusercontent.com/hjdhnx/dr_py/main/libs/drpy2.min.js\",\"ext\":\"https://ghproxy.com/https://raw.githubusercontent.com/hjdhnx/dr_py/main/js/看韩剧.js\"},\n{\"key\":\"drpy_js_追剧迷\",\"name\":\"影视 | 追剧迷[js]\",\"type\":3,\"api\":\"https://ghproxy.com/https://raw.githubusercontent.com/hjdhnx/dr_py/main/libs/drpy2.min.js\",\"ext\":\"https://ghproxy.com/https://raw.githubusercontent.com/hjdhnx/dr_py/main/js/追剧迷.js\"},\n{\"key\":\"drpy_js_91free\",\"name\":\"影视 | 91free[js]\",\"type\":3,\"api\":\"https://ghproxy.com/https://raw.githubusercontent.com/hjdhnx/dr_py/main/libs/drpy2.min.js\",\"ext\":\"https://ghproxy.com/https://raw.githubusercontent.com/hjdhnx/dr_py/main/js/91free.js\"},\n{\"key\":\"drpy_js_LIBVIO\",\"name\":\"影视 | LIBVIO[js]\",\"type\":3,\"api\":\"https://ghproxy.com/https://raw.githubusercontent.com/hjdhnx/dr_py/main/libs/drpy2.min.js\",\"ext\":\"https://ghproxy.com/https://raw.githubusercontent.com/hjdhnx/dr_py/main/js/LIBVIO.js\"},\n{\"key\":\"drpy_js_HDmoli\",\"name\":\"影视 | HDmoli[js]\",\"type\":3,\"api\":\"https://ghproxy.com/https://raw.githubusercontent.com/hjdhnx/dr_py/main/libs/drpy2.min.js\",\"ext\":\"https://ghproxy.com/https://raw.githubusercontent.com/hjdhnx/dr_py/main/js/HDmoli.js\"},\n{\"key\":\"drpy_js_Voflix\",\"name\":\"影视 | Voflix[js]\",\"type\":3,\"api\":\"https://ghproxy.com/https://raw.githubusercontent.com/hjdhnx/dr_py/main/libs/drpy2.min.js\",\"ext\":\"https://ghproxy.com/https://raw.githubusercontent.com/hjdhnx/dr_py/main/js/voflix.js\"},\n{\"key\":\"drpy_js_UM电影\",\"name\":\"影视 | UM电影[js]\",\"type\":3,\"api\":\"https://ghproxy.com/https://raw.githubusercontent.com/hjdhnx/dr_py/main/libs/drpy2.min.js\",\"ext\":\"https://ghproxy.com/https://raw.githubusercontent.com/hjdhnx/dr_py/main/js/UM电影.js\"},\n{\"key\":\"drpy_js_开眼视频\",\"name\":\"影视 | 开眼视频[js]\",\"type\":3,\"api\":\"https://ghproxy.com/https://raw.githubusercontent.com/hjdhnx/dr_py/main/libs/drpy2.min.js\",\"ext\":\"https://ghproxy.com/https://raw.githubusercontent.com/hjdhnx/dr_py/main/js/开眼视频.js\"},\n{\"key\":\"drpy_js_豆巴影视\",\"name\":\"影视 | 豆巴影视[js]\",\"type\":3,\"api\":\"https://ghproxy.com/https://raw.githubusercontent.com/hjdhnx/dr_py/main/libs/drpy2.min.js\",\"ext\":\"https://ghproxy.com/https://raw.githubusercontent.com/hjdhnx/dr_py/main/js/豆巴影视.js\"},\n{\"key\":\"drpy_js_米爱影视\",\"name\":\"影视 | 米爱影视[js]\",\"type\":3,\"api\":\"https://ghproxy.com/https://raw.githubusercontent.com/hjdhnx/dr_py/main/libs/drpy2.min.js\",\"ext\":\"https://ghproxy.com/https://raw.githubusercontent.com/hjdhnx/dr_py/main/js/米爱影视.js\"},\n{\"key\":\"drpy_js_星空影视\",\"name\":\"影视 | 星空影视[js]\",\"type\":3,\"api\":\"https://ghproxy.com/https://raw.githubusercontent.com/hjdhnx/dr_py/main/libs/drpy2.min.js\",\"ext\":\"https://ghproxy.com/https://raw.githubusercontent.com/hjdhnx/dr_py/main/js/星空影视.js\"},\n{\"key\":\"drpy_js_秋霞影视\",\"name\":\"影视 | 秋霞影视[js]\",\"type\":3,\"api\":\"https://ghproxy.com/https://raw.githubusercontent.com/hjdhnx/dr_py/main/libs/drpy2.min.js\",\"ext\":\"https://ghproxy.com/https://raw.githubusercontent.com/hjdhnx/dr_py/main/js/秋霞影视.js\"},\n{\"key\":\"drpy_js_无名小站\",\"name\":\"影视 | 无名小站[js]\",\"type\":3,\"api\":\"https://ghproxy.com/https://raw.githubusercontent.com/hjdhnx/dr_py/main/libs/drpy2.min.js\",\"ext\":\"https://ghproxy.com/https://raw.githubusercontent.com/hjdhnx/dr_py/main/js/无名小站.js\"},\n{\"key\":\"drpy_js_小狗影院\",\"name\":\"影视 | 小狗影院[js]\",\"type\":3,\"api\":\"https://ghproxy.com/https://raw.githubusercontent.com/hjdhnx/dr_py/main/libs/drpy2.min.js\",\"ext\":\"https://ghproxy.com/https://raw.githubusercontent.com/hjdhnx/dr_py/main/js/小狗影院.js\"},\n{\"key\":\"drpy_js_酷客影院\",\"name\":\"影视 | 酷客影院[js]\",\"type\":3,\"api\":\"https://ghproxy.com/https://raw.githubusercontent.com/hjdhnx/dr_py/main/libs/drpy2.min.js\",\"ext\":\"https://ghproxy.com/https://raw.githubusercontent.com/hjdhnx/dr_py/main/js/酷客影院.js\"},\n{\"key\":\"drpy_js_奇优影院\",\"name\":\"影视 | 奇优影院[js]\",\"type\":3,\"api\":\"https://ghproxy.com/https://raw.githubusercontent.com/hjdhnx/dr_py/main/libs/drpy2.min.js\",\"ext\":\"https://ghproxy.com/https://raw.githubusercontent.com/hjdhnx/dr_py/main/js/奇优影院.js\"},\n{\"key\":\"drpy_js_厂长资源\",\"name\":\"影视 | 厂长资源[js]\",\"type\":3,\"api\":\"https://ghproxy.com/https://raw.githubusercontent.com/hjdhnx/dr_py/main/libs/drpy2.min.js\",\"ext\":\"https://ghproxy.com/https://raw.githubusercontent.com/hjdhnx/dr_py/main/js/厂长资源.js\"},\n{\"key\":\"drpy_js_在线之家\",\"name\":\"影视 | 在线之家[js]\",\"type\":3,\"api\":\"https://ghproxy.com/https://raw.githubusercontent.com/hjdhnx/dr_py/main/libs/drpy2.min.js\",\"ext\":\"https://ghproxy.com/https://raw.githubusercontent.com/hjdhnx/dr_py/main/js/在线之家.js\"},\n{\"key\":\"drpy_js_饭团电影\",\"name\":\"影视 | 饭团电影[js]\",\"type\":3,\"api\":\"https://ghproxy.com/https://raw.githubusercontent.com/hjdhnx/dr_py/main/libs/drpy2.min.js\",\"ext\":\"https://ghproxy.com/https://raw.githubusercontent.com/hjdhnx/dr_py/main/js/饭团影视.js\"},\n{\"key\":\"drpy_js_酷云七七\",\"name\":\"影视 | 酷云七七[js]\",\"type\":3,\"api\":\"https://ghproxy.com/https://raw.githubusercontent.com/hjdhnx/dr_py/main/libs/drpy2.min.js\",\"ext\":\"https://ghproxy.com/https://raw.githubusercontent.com/hjdhnx/dr_py/main/js/酷云77.js\"},\n{\"key\":\"drpy_js_骚火电影\",\"name\":\"影视 | 骚火电影[js]\",\"type\":3,\"api\":\"https://ghproxy.com/https://raw.githubusercontent.com/hjdhnx/dr_py/main/libs/drpy2.min.js\",\"ext\":\"https://ghproxy.com/https://raw.githubusercontent.com/hjdhnx/dr_py/main/js/骚火.js\"},\n{\"key\":\"drpy_js_闪影影院\",\"name\":\"影视 | 闪影影院[js]\",\"type\":3,\"api\":\"https://ghproxy.com/https://raw.githubusercontent.com/hjdhnx/dr_py/main/libs/drpy2.min.js\",\"ext\":\"https://ghproxy.com/https://raw.githubusercontent.com/hjdhnx/dr_py/main/js/闪影影院.js\"},\n{\"key\":\"drpy_js_电影先生\",\"name\":\"影视 | 电影先生[js]\",\"type\":3,\"api\":\"https://ghproxy.com/https://raw.githubusercontent.com/hjdhnx/dr_py/main/libs/drpy2.min.js\",\"ext\":\"https://ghproxy.com/https://raw.githubusercontent.com/hjdhnx/dr_py/main/js/电影先生.js\"},\n{\"key\":\"drpy_js_冷曦影视\",\"name\":\"影视 | 冷曦影视[js]\",\"type\":3,\"api\":\"https://ghproxy.com/https://raw.githubusercontent.com/hjdhnx/dr_py/main/libs/drpy2.min.js\",\"ext\":\"https://ghproxy.com/https://raw.githubusercontent.com/hjdhnx/dr_py/main/js/冷曦影视.js\"},\n{\"key\":\"drpy_js_秋霞影院\",\"name\":\"影视 | 秋霞影院[js]\",\"type\":3,\"api\":\"https://ghproxy.com/https://raw.githubusercontent.com/hjdhnx/dr_py/main/libs/drpy2.min.js\",\"ext\":\"https://ghproxy.com/https://raw.githubusercontent.com/hjdhnx/dr_py/main/js/秋霞.js\"},\n{\"key\":\"drpy_js_凌云影视\",\"name\":\"影视 | 凌云影视[js]\",\"type\":3,\"api\":\"https://ghproxy.com/https://raw.githubusercontent.com/hjdhnx/dr_py/main/libs/drpy2.min.js\",\"ext\":\"https://ghproxy.com/https://raw.githubusercontent.com/hjdhnx/dr_py/main/js/凌云影视.js\"},\n{\"key\":\"drpy_js_兄弟影视\",\"name\":\"影视 | 兄弟影视[js]\",\"type\":3,\"api\":\"https://ghproxy.com/https://raw.githubusercontent.com/hjdhnx/dr_py/main/libs/drpy2.min.js\",\"ext\":\"https://ghproxy.com/https://raw.githubusercontent.com/hjdhnx/dr_py/main/js/兄弟影视.js\"},\n{\"key\":\"drpy_js_零度影视\",\"name\":\"影视 | 零度影视[js]\",\"type\":3,\"api\":\"https://ghproxy.com/https://raw.githubusercontent.com/hjdhnx/dr_py/main/libs/drpy2.min.js\",\"ext\":\"https://ghproxy.com/https://raw.githubusercontent.com/hjdhnx/dr_py/main/js/零度影视.js\"},\n{\"key\":\"drpy_js_B站影视\",\"name\":\"影视 | B站影视[js]\",\"type\":3,\"api\":\"https://ghproxy.com/https://raw.githubusercontent.com/hjdhnx/dr_py/main/libs/drpy2.min.js\",\"ext\":\"https://ghproxy.com/https://raw.githubusercontent.com/hjdhnx/dr_py/main/js/B站影视.js\"},\n{\"key\":\"drpy_js_哔哩影视\",\"name\":\"影视 | 哔哩影视[js]\",\"type\":3,\"api\":\"https://ghproxy.com/https://raw.githubusercontent.com/hjdhnx/dr_py/main/libs/drpy2.min.js\",\"ext\":\"https://ghproxy.com/https://raw.githubusercontent.com/hjdhnx/dr_py/main/js/哔哩影视.js\"},\n{\"key\":\"drpy_js_JangoIndex\",\"name\":\"音频 | JangoIndex[js]\",\"type\":3,\"api\":\"https://ghproxy.com/https://raw.githubusercontent.com/hjdhnx/dr_py/main/libs/drpy2.min.js\",\"ext\":\"https://ghproxy.com/https://raw.githubusercontent.com/hjdhnx/dr_py/main/js/JangoIndex.js\",\"playerType\":\"2\"},\n{\"key\":\"drpy_js_DJ音乐\",\"name\":\"音频 | DJ音乐[js]\",\"type\":3,\"api\":\"https://ghproxy.com/https://raw.githubusercontent.com/hjdhnx/dr_py/main/libs/drpy2.min.js\",\"ext\":\"https://ghproxy.com/https://raw.githubusercontent.com/hjdhnx/dr_py/main/js/DJ音乐.js\",\"playerType\":\"2\"},\n{\"key\":\"drpy_js_啦啦DJ\",\"name\":\"音频 | 啦啦DJ[js]\",\"type\":3,\"api\":\"https://ghproxy.com/https://raw.githubusercontent.com/hjdhnx/dr_py/main/libs/drpy2.min.js\",\"ext\":\"https://ghproxy.com/https://raw.githubusercontent.com/hjdhnx/dr_py/main/js/苹果DJ.js\",\"playerType\":\"2\"},\n{\"key\":\"drpy_js_清风DJ\",\"name\":\"音频 | 清风DJ[js]\",\"type\":3,\"api\":\"https://ghproxy.com/https://raw.githubusercontent.com/hjdhnx/dr_py/main/libs/drpy2.min.js\",\"ext\":\"https://ghproxy.com/https://raw.githubusercontent.com/hjdhnx/dr_py/main/js/清风DJ.js\",\"playerType\":\"2\"},\n{\"key\":\"drpy_js_种子音乐\",\"name\":\"音频 | 种子音乐[js]\",\"type\":3,\"api\":\"https://ghproxy.com/https://raw.githubusercontent.com/hjdhnx/dr_py/main/libs/drpy2.min.js\",\"ext\":\"https://ghproxy.com/https://raw.githubusercontent.com/hjdhnx/dr_py/main/js/种子音乐.js\"},\n{\"key\":\"drpy_js_蜻蜓FM\",\"name\":\"广播 | 蜻蜓FM[js]\",\"type\":3,\"api\":\"https://ghproxy.com/https://raw.githubusercontent.com/hjdhnx/dr_py/main/libs/drpy2.min.js\",\"ext\":\"https://ghproxy.com/https://raw.githubusercontent.com/hjdhnx/dr_py/main/js/蜻蜓FM.js\",\"playerType\":\"2\"},\n{\"key\":\"drpy_js_相声随身听\",\"name\":\"相声 | 相声随身听[js]\",\"type\":3,\"api\":\"https://ghproxy.com/https://raw.githubusercontent.com/hjdhnx/dr_py/main/libs/drpy2.min.js\",\"ext\":\"https://ghproxy.com/https://raw.githubusercontent.com/hjdhnx/dr_py/main/js/相声随身听.js\",\"playerType\":\"2\"},\n{\"key\":\"drpy_js_i275听书\",\"name\":\"听书 | i275听书[js]\",\"type\":3,\"api\":\"https://ghproxy.com/https://raw.githubusercontent.com/hjdhnx/dr_py/main/libs/drpy2.min.js\",\"ext\":\"https://ghproxy.com/https://raw.githubusercontent.com/hjdhnx/dr_py/main/js/i275听书.js\",\"playerType\":\"2\"},\n{\"key\":\"drpy_js_喜马拉雅\",\"name\":\"听书 | 喜马拉雅[js]\",\"type\":3,\"api\":\"https://ghproxy.com/https://raw.githubusercontent.com/hjdhnx/dr_py/main/libs/drpy2.min.js\",\"ext\":\"https://ghproxy.com/https://raw.githubusercontent.com/hjdhnx/dr_py/main/js/喜马拉雅.js\",\"playerType\":\"2\"},\n{\"key\":\"drpy_js_六月听书\",\"name\":\"听书 | 六月听书[js]\",\"type\":3,\"api\":\"https://ghproxy.com/https://raw.githubusercontent.com/hjdhnx/dr_py/main/libs/drpy2.min.js\",\"ext\":\"https://ghproxy.com/https://raw.githubusercontent.com/hjdhnx/dr_py/main/js/六月听书.js\",\"playerType\":\"2\"},\n{\"key\":\"drpy_js_博看听书\",\"name\":\"听书 | 博看听书[js]\",\"type\":3,\"api\":\"https://ghproxy.com/https://raw.githubusercontent.com/hjdhnx/dr_py/main/libs/drpy2.min.js\",\"ext\":\"https://ghproxy.com/https://raw.githubusercontent.com/hjdhnx/dr_py/main/js/博看听书.js\",\"playerType\":\"2\"},\n{\"key\":\"drpy_js_海洋听书\",\"name\":\"听书 | 海洋听书[js]\",\"type\":3,\"api\":\"https://ghproxy.com/https://raw.githubusercontent.com/hjdhnx/dr_py/main/libs/drpy2.min.js\",\"ext\":\"https://ghproxy.com/https://raw.githubusercontent.com/hjdhnx/dr_py/main/js/海洋听书.js\",\"playerType\":\"2\"},\n{\"key\":\"drpy_js_听书网\",\"name\":\"听书 | 听书网[js]\",\"type\":3,\"api\":\"https://ghproxy.com/https://raw.githubusercontent.com/hjdhnx/dr_py/main/libs/drpy2.min.js\",\"ext\":\"https://ghproxy.com/https://raw.githubusercontent.com/hjdhnx/dr_py/main/js/听书网.js\",\"playerType\":\"2\"},\n{\"key\":\"drpy_js_有声小说\",\"name\":\"听书 | 有声小说[js]\",\"type\":3,\"api\":\"https://ghproxy.com/https://raw.githubusercontent.com/hjdhnx/dr_py/main/libs/drpy2.min.js\",\"ext\":\"https://ghproxy.com/https://raw.githubusercontent.com/hjdhnx/dr_py/main/js/有声小说吧.js\",\"playerType\":\"2\"},\n{\"key\":\"drpy_js_短视频\",\"name\":\"聚合 | 短视频[js]\",\"type\":3,\"api\":\"https://ghproxy.com/https://raw.githubusercontent.com/hjdhnx/dr_py/main/libs/drpy2.min.js\",\"ext\":\"https://ghproxy.com/https://raw.githubusercontent.com/hjdhnx/dr_py/main/js/短视频.js\"},\n{\"key\":\"drpy_js_酷6网\",\"name\":\"聚合 | 酷6网[js]\",\"type\":3,\"api\":\"https://ghproxy.com/https://raw.githubusercontent.com/hjdhnx/dr_py/main/libs/drpy2.min.js\",\"ext\":\"https://ghproxy.com/https://raw.githubusercontent.com/hjdhnx/dr_py/main/js/酷6网.js\"},\n{\"key\":\"drpy_js_网易公版影像\",\"name\":\"聚合 | 网易公版影像[js]\",\"type\":3,\"api\":\"https://ghproxy.com/https://raw.githubusercontent.com/hjdhnx/dr_py/main/libs/drpy2.min.js\",\"ext\":\"https://ghproxy.com/https://raw.githubusercontent.com/hjdhnx/dr_py/main/js/网易公版影像.js\"},\n{\"key\":\"drpy_js_A8音乐\",\"name\":\"MV | A8音乐[js]\",\"type\":3,\"api\":\"https://ghproxy.com/https://raw.githubusercontent.com/hjdhnx/dr_py/main/libs/drpy2.min.js\",\"ext\":\"https://ghproxy.com/https://raw.githubusercontent.com/hjdhnx/dr_py/main/js/A8音乐.js\"},\n{\"key\":\"drpy_js_MV263\",\"name\":\"MV | 263[js]\",\"type\":3,\"api\":\"https://ghproxy.com/https://raw.githubusercontent.com/hjdhnx/dr_py/main/libs/drpy2.min.js\",\"ext\":\"https://ghproxy.com/https://raw.githubusercontent.com/hjdhnx/dr_py/main/js/MV263.js\"},\n{\"key\":\"drpy_js_苹果DJ\",\"name\":\"MV | 苹果DJ[js]\",\"type\":3,\"api\":\"https://ghproxy.com/https://raw.githubusercontent.com/hjdhnx/dr_py/main/libs/drpy2.min.js\",\"ext\":\"https://ghproxy.com/https://raw.githubusercontent.com/hjdhnx/dr_py/main/js/苹果DJ.js\"},\n{\"key\":\"drpy_js_酷狗MV\",\"name\":\"MV | 酷狗[js]\",\"type\":3,\"api\":\"https://ghproxy.com/https://raw.githubusercontent.com/hjdhnx/dr_py/main/libs/drpy2.min.js\",\"ext\":\"https://ghproxy.com/https://raw.githubusercontent.com/hjdhnx/dr_py/main/js/酷狗MV.js\"},\n{\"key\":\"drpy_js_酷奇MV\",\"name\":\"MV | 酷奇[js]\",\"type\":3,\"api\":\"https://ghproxy.com/https://raw.githubusercontent.com/hjdhnx/dr_py/main/libs/drpy2.min.js\",\"ext\":\"https://ghproxy.com/https://raw.githubusercontent.com/hjdhnx/dr_py/main/js/酷奇MV.js\"},\n{\"key\":\"drpy_js_音悦网\",\"name\":\"MV | 音悦网[js]\",\"type\":3,\"api\":\"https://ghproxy.com/https://raw.githubusercontent.com/hjdhnx/dr_py/main/libs/drpy2.min.js\",\"ext\":\"https://ghproxy.com/https://raw.githubusercontent.com/hjdhnx/dr_py/main/js/音悦网.js\"},\n{\"key\":\"drpy_js_哔哩直播\",\"name\":\"直播 | 哔哩[js]\",\"type\":3,\"api\":\"https://ghproxy.com/https://raw.githubusercontent.com/hjdhnx/dr_py/main/libs/drpy2.min.js\",\"ext\":\"https://ghproxy.com/https://raw.githubusercontent.com/hjdhnx/dr_py/main/js/哔哩直播.js\"},\n{\"key\":\"drpy_js_斗鱼直播\",\"name\":\"直播 | 斗鱼[js]\",\"type\":3,\"api\":\"https://ghproxy.com/https://raw.githubusercontent.com/hjdhnx/dr_py/main/libs/drpy2.min.js\",\"ext\":\"https://ghproxy.com/https://raw.githubusercontent.com/hjdhnx/dr_py/main/js/斗鱼直播.js\"},\n{\"key\":\"drpy_js_虎牙直播\",\"name\":\"直播 | 虎牙[js]\",\"type\":3,\"api\":\"https://ghproxy.com/https://raw.githubusercontent.com/hjdhnx/dr_py/main/libs/drpy2.min.js\",\"ext\":\"https://ghproxy.com/https://raw.githubusercontent.com/hjdhnx/dr_py/main/js/虎牙直播.js\"},\n{\"key\":\"drpy_js_JustLive\",\"name\":\"直播 | JustLive[js]\",\"type\":3,\"api\":\"https://ghproxy.com/https://raw.githubusercontent.com/hjdhnx/dr_py/main/libs/drpy2.min.js\",\"ext\":\"https://ghproxy.com/https://raw.githubusercontent.com/hjdhnx/dr_py/main/js/JustLive.js\"},\n{\"key\":\"drpy_js_JRKAN直播\",\"name\":\"体育 | JRKAN直播[js]\",\"type\":3,\"api\":\"https://ghproxy.com/https://raw.githubusercontent.com/hjdhnx/dr_py/main/libs/drpy.min.js\",\"ext\":\"https://ghproxy.com/https://raw.githubusercontent.com/hjdhnx/dr_py/main/js/JRKAN直播.js\"},\n{\"key\":\"drpy_js_88看球\",\"name\":\"体育 | 88看球[js]\",\"type\":3,\"api\":\"https://ghproxy.com/https://raw.githubusercontent.com/hjdhnx/dr_py/main/libs/drpy2.min.js\",\"ext\":\"https://ghproxy.com/https://raw.githubusercontent.com/hjdhnx/dr_py/main/js/88看球.js\"},\n{\"key\":\"drpy_js_310直播\",\"name\":\"体育 | 310直播[js]\",\"type\":3,\"api\":\"https://ghproxy.com/https://raw.githubusercontent.com/hjdhnx/dr_py/main/libs/drpy2.min.js\",\"ext\":\"https://ghproxy.com/https://raw.githubusercontent.com/hjdhnx/dr_py/main/js/310直播.js\"},\n{\"key\":\"drpy_js_爱弹幕\",\"name\":\"动漫 | 爱弹幕[js]\",\"type\":3,\"api\":\"https://ghproxy.com/https://raw.githubusercontent.com/hjdhnx/dr_py/main/libs/drpy2.min.js\",\"ext\":\"https://ghproxy.com/https://raw.githubusercontent.com/hjdhnx/dr_py/main/js/爱弹幕.js\"},\n{\"key\":\"drpy_js_兔小贝\",\"name\":\"动漫 | 兔小贝[js]\",\"type\":3,\"api\":\"https://ghproxy.com/https://raw.githubusercontent.com/hjdhnx/dr_py/main/libs/drpy2.min.js\",\"ext\":\"https://ghproxy.com/https://raw.githubusercontent.com/hjdhnx/dr_py/main/js/兔小贝.js\"},\n{\"key\":\"drpy_js_AnFuns\",\"name\":\"动漫 | AnFuns[js]\",\"type\":3,\"api\":\"https://ghproxy.com/https://raw.githubusercontent.com/hjdhnx/dr_py/main/libs/drpy2.min.js\",\"ext\":\"https://ghproxy.com/https://raw.githubusercontent.com/hjdhnx/dr_py/main/js/AnFuns.js\"},\n{\"key\":\"drpy_js_NT动漫\",\"name\":\"动漫 | NT动漫[js]\",\"type\":3,\"api\":\"https://ghproxy.com/https://raw.githubusercontent.com/hjdhnx/dr_py/main/libs/drpy2.min.js\",\"ext\":\"https://ghproxy.com/https://raw.githubusercontent.com/hjdhnx/dr_py/main/js/NT动漫.js\"},\n{\"key\":\"drpy_js_动漫岛\",\"name\":\"动漫 | 动漫岛[js]\",\"type\":3,\"api\":\"https://ghproxy.com/https://raw.githubusercontent.com/hjdhnx/dr_py/main/libs/drpy2.min.js\",\"ext\":\"https://ghproxy.com/https://raw.githubusercontent.com/hjdhnx/dr_py/main/js/动漫岛.js\"},\n{\"key\":\"drpy_js_路漫漫\",\"name\":\"动漫 | 路漫漫[js]\",\"type\":3,\"api\":\"https://ghproxy.com/https://raw.githubusercontent.com/hjdhnx/dr_py/main/libs/drpy2.min.js\",\"ext\":\"https://ghproxy.com/https://raw.githubusercontent.com/hjdhnx/dr_py/main/js/路漫漫.js\"},\n{\"key\":\"drpy_js_去看吧\",\"name\":\"动漫 | 去看吧[js]\",\"type\":3,\"api\":\"https://ghproxy.com/https://raw.githubusercontent.com/hjdhnx/dr_py/main/libs/drpy2.min.js\",\"ext\":\"https://ghproxy.com/https://raw.githubusercontent.com/hjdhnx/dr_py/main/js/去看吧.js\"},\n{\"key\":\"drpy_js_咕噜咕噜\",\"name\":\"动漫 | 咕噜咕噜[js]\",\"type\":3,\"api\":\"https://ghproxy.com/https://raw.githubusercontent.com/hjdhnx/dr_py/main/libs/drpy2.min.js\",\"ext\":\"https://ghproxy.com/https://raw.githubusercontent.com/hjdhnx/dr_py/main/js/咕噜咕噜.js\"},\n{\"key\":\"drpy_js_嘶哩嘶哩\",\"name\":\"动漫 | 嘶哩嘶哩[js]\",\"type\":3,\"api\":\"https://ghproxy.com/https://raw.githubusercontent.com/hjdhnx/dr_py/main/libs/drpy2.min.js\",\"ext\":\"https://ghproxy.com/https://raw.githubusercontent.com/hjdhnx/dr_py/main/js/嘶哩嘶哩.js\"},\n{\"key\":\"drpy_js_奇米动漫\",\"name\":\"动漫 | 奇米动漫[js]\",\"type\":3,\"api\":\"https://ghproxy.com/https://raw.githubusercontent.com/hjdhnx/dr_py/main/libs/drpy2.min.js\",\"ext\":\"https://ghproxy.com/https://raw.githubusercontent.com/hjdhnx/dr_py/main/js/奇米动漫.js\"},\n{\"key\":\"drpy_js_妮可动漫\",\"name\":\"动漫 | 妮可动漫[js]\",\"type\":3,\"api\":\"https://ghproxy.com/https://raw.githubusercontent.com/hjdhnx/dr_py/main/libs/drpy2.min.js\",\"ext\":\"https://ghproxy.com/https://raw.githubusercontent.com/hjdhnx/dr_py/main/js/妮可动漫.js\"},\n{\"key\":\"drpy_js_怡萱动漫\",\"name\":\"动漫 | 怡萱动漫[js]\",\"type\":3,\"api\":\"https://ghproxy.com/https://raw.githubusercontent.com/hjdhnx/dr_py/main/libs/drpy2.min.js\",\"ext\":\"https://ghproxy.com/https://raw.githubusercontent.com/hjdhnx/dr_py/main/js/怡萱动漫.js\"},\n{\"key\":\"drpy_js_异世界动漫\",\"name\":\"动漫 | 异世界动漫[js]\",\"type\":3,\"api\":\"https://ghproxy.com/https://raw.githubusercontent.com/hjdhnx/dr_py/main/libs/drpy2.min.js\",\"ext\":\"https://ghproxy.com/https://raw.githubusercontent.com/hjdhnx/dr_py/main/js/异世界动漫.js\"},\n{\"key\":\"drpy_js_omofun动漫\",\"name\":\"动漫 | omofun动漫[js]\",\"type\":3,\"api\":\"https://ghproxy.com/https://raw.githubusercontent.com/hjdhnx/dr_py/main/libs/drpy2.min.js\",\"ext\":\"https://ghproxy.com/https://raw.githubusercontent.com/hjdhnx/dr_py/main/js/omofun动漫.js\"},\n{\"key\":\"drpy_js_007影视\",\"name\":\"影视 | 007影视[js]\",\"type\":3,\"api\":\"https://ghproxy.com/https://raw.githubusercontent.com/hjdhnx/dr_py/main/libs/drpy2.min.js\",\"ext\":\"https://ghproxy.com/https://raw.githubusercontent.com/hjdhnx/dr_py/main/js/007影视.js\"},\n{\"key\":\"drpy_js_1080P\",\"name\":\"影视 | 1080P[js]\",\"type\":3,\"api\":\"https://ghproxy.com/https://raw.githubusercontent.com/hjdhnx/dr_py/main/libs/drpy2.min.js\",\"ext\":\"https://ghproxy.com/https://raw.githubusercontent.com/hjdhnx/dr_py/main/js/1080P.js\"},\n{\"key\":\"drpy_js_139影视\",\"name\":\"影视 | 139影视[js]\",\"type\":3,\"api\":\"https://ghproxy.com/https://raw.githubusercontent.com/hjdhnx/dr_py/main/libs/drpy2.min.js\",\"ext\":\"https://ghproxy.com/https://raw.githubusercontent.com/hjdhnx/dr_py/main/js/139影视.js\"},\n{\"key\":\"drpy_js_333影视\",\"name\":\"影视 | 333影视[js]\",\"type\":3,\"api\":\"https://ghproxy.com/https://raw.githubusercontent.com/hjdhnx/dr_py/main/libs/drpy2.min.js\",\"ext\":\"https://ghproxy.com/https://raw.githubusercontent.com/hjdhnx/dr_py/main/js/333影视.js\"},\n{\"key\":\"drpy_js_345看片\",\"name\":\"影视 | 345看片[js]\",\"type\":3,\"api\":\"https://ghproxy.com/https://raw.githubusercontent.com/hjdhnx/dr_py/main/libs/drpy2.min.js\",\"ext\":\"https://ghproxy.com/https://raw.githubusercontent.com/hjdhnx/dr_py/main/js/345看片.js\"},\n{\"key\":\"drpy_js_555影视[V2]\",\"name\":\"影视 | 555影视[V2][js]\",\"type\":3,\"api\":\"https://ghproxy.com/https://raw.githubusercontent.com/hjdhnx/dr_py/main/libs/drpy2.min.js\",\"ext\":\"https://ghproxy.com/https://raw.githubusercontent.com/hjdhnx/dr_py/main/js/555影视[V2].js\"},\n{\"key\":\"drpy_js_69美剧\",\"name\":\"影视 | 69美剧[js]\",\"type\":3,\"api\":\"https://ghproxy.com/https://raw.githubusercontent.com/hjdhnx/dr_py/main/libs/drpy2.min.js\",\"ext\":\"https://ghproxy.com/https://raw.githubusercontent.com/hjdhnx/dr_py/main/js/69美剧.js\"},\n{\"key\":\"drpy_js_8号影院\",\"name\":\"影视 | 8号影院[js]\",\"type\":3,\"api\":\"https://ghproxy.com/https://raw.githubusercontent.com/hjdhnx/dr_py/main/libs/drpy2.min.js\",\"ext\":\"https://ghproxy.com/https://raw.githubusercontent.com/hjdhnx/dr_py/main/js/8号影院.js\"},\n{\"key\":\"drpy_js_9U电影\",\"name\":\"影视 | 9U电影[js]\",\"type\":3,\"api\":\"https://ghproxy.com/https://raw.githubusercontent.com/hjdhnx/dr_py/main/libs/drpy2.min.js\",\"ext\":\"https://ghproxy.com/https://raw.githubusercontent.com/hjdhnx/dr_py/main/js/9U电影.js\"},\n{\"key\":\"drpy_js_FreeOK\",\"name\":\"影视 | FreeOK[js]\",\"type\":3,\"api\":\"https://ghproxy.com/https://raw.githubusercontent.com/hjdhnx/dr_py/main/libs/drpy2.min.js\",\"ext\":\"https://ghproxy.com/https://raw.githubusercontent.com/hjdhnx/dr_py/main/js/FreeOK.js\"},\n{\"key\":\"drpy_js_KOK影视\",\"name\":\"影视 | KOK影视[js]\",\"type\":3,\"api\":\"https://ghproxy.com/https://raw.githubusercontent.com/hjdhnx/dr_py/main/libs/drpy2.min.js\",\"ext\":\"https://ghproxy.com/https://raw.githubusercontent.com/hjdhnx/dr_py/main/js/KOK影院.js\"},\n{\"key\":\"drpy_js_NY影院\",\"name\":\"影视 | NY影院[js]\",\"type\":3,\"api\":\"https://ghproxy.com/https://raw.githubusercontent.com/hjdhnx/dr_py/main/libs/drpy2.min.js\",\"ext\":\"https://ghproxy.com/https://raw.githubusercontent.com/hjdhnx/dr_py/main/js/NY影院.js\"},\n{\"key\":\"drpy_js_vidhub\",\"name\":\"影视 | vidhub[js]\",\"type\":3,\"api\":\"https://ghproxy.com/https://raw.githubusercontent.com/hjdhnx/dr_py/main/libs/drpy2.min.js\",\"ext\":\"https://ghproxy.com/https://raw.githubusercontent.com/hjdhnx/dr_py/main/js/vidhub.js\"},\n{\"key\":\"drpy_js_爱迪影视\",\"name\":\"影视 | 爱迪影视[js]\",\"type\":3,\"api\":\"https://ghproxy.com/https://raw.githubusercontent.com/hjdhnx/dr_py/main/libs/drpy2.min.js\",\"ext\":\"https://ghproxy.com/https://raw.githubusercontent.com/hjdhnx/dr_py/main/js/爱迪影视.js\"},\n{\"key\":\"drpy_js_爱看电影\",\"name\":\"影视 | 爱看电影[js]\",\"type\":3,\"api\":\"https://ghproxy.com/https://raw.githubusercontent.com/hjdhnx/dr_py/main/libs/drpy2.min.js\",\"ext\":\"https://ghproxy.com/https://raw.githubusercontent.com/hjdhnx/dr_py/main/js/爱看影院.js\"},\n{\"key\":\"drpy_js_八蛋影视\",\"name\":\"影视 | 八蛋影视[js]\",\"type\":3,\"api\":\"https://ghproxy.com/https://raw.githubusercontent.com/hjdhnx/dr_py/main/libs/drpy2.min.js\",\"ext\":\"https://ghproxy.com/https://raw.githubusercontent.com/hjdhnx/dr_py/main/js/八蛋影视.js\"},\n{\"key\":\"drpy_js_布雷蓝光\",\"name\":\"影视 | 布雷蓝光[js]\",\"type\":3,\"api\":\"https://ghproxy.com/https://raw.githubusercontent.com/hjdhnx/dr_py/main/libs/drpy2.min.js\",\"ext\":\"https://ghproxy.com/https://raw.githubusercontent.com/hjdhnx/dr_py/main/js/布雷蓝光.js\"},\n{\"key\":\"drpy_js_超前点播\",\"name\":\"影视 | 超前点播[js]\",\"type\":3,\"api\":\"https://ghproxy.com/https://raw.githubusercontent.com/hjdhnx/dr_py/main/libs/drpy2.min.js\",\"ext\":\"https://ghproxy.com/https://raw.githubusercontent.com/hjdhnx/dr_py/main/js/超前点播.js\"},\n{\"key\":\"drpy_js_尘落影视\",\"name\":\"影视 | 尘落影视[js]\",\"type\":3,\"api\":\"https://ghproxy.com/https://raw.githubusercontent.com/hjdhnx/dr_py/main/libs/drpy2.min.js\",\"ext\":\"https://ghproxy.com/https://raw.githubusercontent.com/hjdhnx/dr_py/main/js/尘落影视.js\"},\n{\"key\":\"drpy_js_楚门影院\",\"name\":\"影视 | 楚门影院[js]\",\"type\":3,\"api\":\"https://ghproxy.com/https://raw.githubusercontent.com/hjdhnx/dr_py/main/libs/drpy2.min.js\",\"ext\":\"https://ghproxy.com/https://raw.githubusercontent.com/hjdhnx/dr_py/main/js/楚门影院.js\"},\n{\"key\":\"drpy_js_大米星球\",\"name\":\"影视 | 大米星球[js]\",\"type\":3,\"api\":\"https://ghproxy.com/https://raw.githubusercontent.com/hjdhnx/dr_py/main/libs/drpy2.min.js\",\"ext\":\"https://ghproxy.com/https://raw.githubusercontent.com/hjdhnx/dr_py/main/js/大米星球.js\"},\n{\"key\":\"drpy_js_大师兄影视\",\"name\":\"影视 | 大师兄影视[js]\",\"type\":3,\"api\":\"https://ghproxy.com/https://raw.githubusercontent.com/hjdhnx/dr_py/main/libs/drpy2.min.js\",\"ext\":\"https://ghproxy.com/https://raw.githubusercontent.com/hjdhnx/dr_py/main/js/大师兄影视.js\"},\n{\"key\":\"drpy_js_多瑙影视\",\"name\":\"影视 | 多瑙影视[js]\",\"type\":3,\"api\":\"https://ghproxy.com/https://raw.githubusercontent.com/hjdhnx/dr_py/main/libs/drpy2.min.js\",\"ext\":\"https://ghproxy.com/https://raw.githubusercontent.com/hjdhnx/dr_py/main/js/多瑙影视.js\",\"playerType\":\"2\"},\n{\"key\":\"drpy_js_番茄影视\",\"name\":\"影视 | 番茄影视[js]\",\"type\":3,\"api\":\"https://ghproxy.com/https://raw.githubusercontent.com/hjdhnx/dr_py/main/libs/drpy2.min.js\",\"ext\":\"https://ghproxy.com/https://raw.githubusercontent.com/hjdhnx/dr_py/main/js/番茄影视.js\"},\n{\"key\":\"drpy_js_浮生半日\",\"name\":\"影视 | 浮生半日[js]\",\"type\":3,\"api\":\"https://ghproxy.com/https://raw.githubusercontent.com/hjdhnx/dr_py/main/libs/drpy2.min.js\",\"ext\":\"https://ghproxy.com/https://raw.githubusercontent.com/hjdhnx/dr_py/main/js/浮生半日.js\"},\n{\"key\":\"drpy_js_金曼影视\",\"name\":\"影视 | 金曼影视[js]\",\"type\":3,\"api\":\"https://ghproxy.com/https://raw.githubusercontent.com/hjdhnx/dr_py/main/libs/drpy2.min.js\",\"ext\":\"https://ghproxy.com/https://raw.githubusercontent.com/hjdhnx/dr_py/main/js/金曼影视.js\"},\n{\"key\":\"drpy_js_看看电影\",\"name\":\"影视 | 看看电影[js]\",\"type\":3,\"api\":\"https://ghproxy.com/https://raw.githubusercontent.com/hjdhnx/dr_py/main/libs/drpy2.min.js\",\"ext\":\"https://ghproxy.com/https://raw.githubusercontent.com/hjdhnx/dr_py/main/js/看看电影.js\"},\n{\"key\":\"drpy_js_看了么\",\"name\":\"影视 | 看了么[js]\",\"type\":3,\"api\":\"https://ghproxy.com/https://raw.githubusercontent.com/hjdhnx/dr_py/main/libs/drpy2.min.js\",\"ext\":\"https://ghproxy.com/https://raw.githubusercontent.com/hjdhnx/dr_py/main/js/看了么.js\"},\n{\"key\":\"drpy_js_来看点播\",\"name\":\"影视 | 来看点播[js]\",\"type\":3,\"api\":\"https://ghproxy.com/https://raw.githubusercontent.com/hjdhnx/dr_py/main/libs/drpy2.min.js\",\"ext\":\"https://ghproxy.com/https://raw.githubusercontent.com/hjdhnx/dr_py/main/js/来看点播.js\"},\n{\"key\":\"drpy_js_蓝光影院\",\"name\":\"影视 | 蓝光影院[js]\",\"type\":3,\"api\":\"https://ghproxy.com/https://raw.githubusercontent.com/hjdhnx/dr_py/main/libs/drpy2.min.js\",\"ext\":\"https://ghproxy.com/https://raw.githubusercontent.com/hjdhnx/dr_py/main/js/蓝光影院.js\"},\n{\"key\":\"drpy_js_利丽娅电影\",\"name\":\"影视 | 利丽娅电影[js]\",\"type\":3,\"api\":\"https://ghproxy.com/https://raw.githubusercontent.com/hjdhnx/dr_py/main/libs/drpy2.min.js\",\"ext\":\"https://ghproxy.com/https://raw.githubusercontent.com/hjdhnx/dr_py/main/js/利丽娅电影.js\"},\n{\"key\":\"drpy_js_麦豆网\",\"name\":\"影视 | 麦豆网[js]\",\"type\":3,\"api\":\"https://ghproxy.com/https://raw.githubusercontent.com/hjdhnx/dr_py/main/libs/drpy2.min.js\",\"ext\":\"https://ghproxy.com/https://raw.githubusercontent.com/hjdhnx/dr_py/main/js/麦豆.js\"},\n{\"key\":\"drpy_js_麦豆com\",\"name\":\"影视 | 麦豆com[js]\",\"type\":3,\"api\":\"https://ghproxy.com/https://raw.githubusercontent.com/hjdhnx/dr_py/main/libs/drpy2.min.js\",\"ext\":\"https://ghproxy.com/https://raw.githubusercontent.com/hjdhnx/dr_py/main/js/麦豆com.js\"},\n{\"key\":\"drpy_js_美视网\",\"name\":\"影视 | 美视网[js]\",\"type\":3,\"api\":\"https://ghproxy.com/https://raw.githubusercontent.com/hjdhnx/dr_py/main/libs/drpy2.min.js\",\"ext\":\"https://ghproxy.com/https://raw.githubusercontent.com/hjdhnx/dr_py/main/js/美视网.js\"},\n{\"key\":\"drpy_js_萌蛋蛋[V2]\",\"name\":\"影视 | 萌蛋蛋[V2][js]\",\"type\":3,\"api\":\"https://ghproxy.com/https://raw.githubusercontent.com/hjdhnx/dr_py/main/libs/drpy2.min.js\",\"ext\":\"https://ghproxy.com/https://raw.githubusercontent.com/hjdhnx/dr_py/main/js/萌蛋蛋[V2].js\"},\n{\"key\":\"drpy_js_莫扎兔儿\",\"name\":\"影视 | 莫扎兔儿[js]\",\"type\":3,\"api\":\"https://ghproxy.com/https://raw.githubusercontent.com/hjdhnx/dr_py/main/libs/drpy2.min.js\",\"ext\":\"https://ghproxy.com/https://raw.githubusercontent.com/hjdhnx/dr_py/main/js/莫扎兔.js\"},\n{\"key\":\"drpy_js_南柯电影\",\"name\":\"影视 | 南柯电影[js]\",\"type\":3,\"api\":\"https://ghproxy.com/https://raw.githubusercontent.com/hjdhnx/dr_py/main/libs/drpy2.min.js\",\"ext\":\"https://ghproxy.com/https://raw.githubusercontent.com/hjdhnx/dr_py/main/js/南柯电影网.js\"},\n{\"key\":\"drpy_js_胖虎影视\",\"name\":\"影视 | 胖虎影视[js]\",\"type\":3,\"api\":\"https://ghproxy.com/https://raw.githubusercontent.com/hjdhnx/dr_py/main/libs/drpy2.min.js\",\"ext\":\"https://ghproxy.com/https://raw.githubusercontent.com/hjdhnx/dr_py/main/js/胖虎.js\"},\n{\"key\":\"drpy_js_起飞影院\",\"name\":\"影视 | 起飞影院[js]\",\"type\":3,\"api\":\"https://ghproxy.com/https://raw.githubusercontent.com/hjdhnx/dr_py/main/libs/drpy2.min.js\",\"ext\":\"https://ghproxy.com/https://raw.githubusercontent.com/hjdhnx/dr_py/main/js/起飞影院.js\"},\n{\"key\":\"drpy_js_人人影视\",\"name\":\"影视 | 人人影视[js]\",\"type\":3,\"api\":\"https://ghproxy.com/https://raw.githubusercontent.com/hjdhnx/dr_py/main/libs/drpy2.min.js\",\"ext\":\"https://ghproxy.com/https://raw.githubusercontent.com/hjdhnx/dr_py/main/js/人人影视.js\"},\n{\"key\":\"drpy_js_盛世电影\",\"name\":\"影视 | 盛世电影[js]\",\"type\":3,\"api\":\"https://ghproxy.com/https://raw.githubusercontent.com/hjdhnx/dr_py/main/libs/drpy2.min.js\",\"ext\":\"https://ghproxy.com/https://raw.githubusercontent.com/hjdhnx/dr_py/main/js/盛世电影网.js\"},\n{\"key\":\"drpy_js_视觉影院\",\"name\":\"影视 | 视觉影院[js]\",\"type\":3,\"api\":\"https://ghproxy.com/https://raw.githubusercontent.com/hjdhnx/dr_py/main/libs/drpy2.min.js\",\"ext\":\"https://ghproxy.com/https://raw.githubusercontent.com/hjdhnx/dr_py/main/js/新视觉影院.js\"},\n{\"key\":\"drpy_js_首播影院\",\"name\":\"影视 | 首播影院[js]\",\"type\":3,\"api\":\"https://ghproxy.com/https://raw.githubusercontent.com/hjdhnx/dr_py/main/libs/drpy2.min.js\",\"ext\":\"https://ghproxy.com/https://raw.githubusercontent.com/hjdhnx/dr_py/main/js/首播影院.js\"},\n{\"key\":\"drpy_js_双十电影\",\"name\":\"影视 | 双十电影[js]\",\"type\":3,\"api\":\"https://ghproxy.com/https://raw.githubusercontent.com/hjdhnx/dr_py/main/libs/drpy2.min.js\",\"ext\":\"https://ghproxy.com/https://raw.githubusercontent.com/hjdhnx/dr_py/main/js/双十电影.js\"},\n{\"key\":\"drpy_js_四个圈儿\",\"name\":\"影视 | 四个圈儿[js]\",\"type\":3,\"api\":\"https://ghproxy.com/https://raw.githubusercontent.com/hjdhnx/dr_py/main/libs/drpy2.min.js\",\"ext\":\"https://ghproxy.com/https://raw.githubusercontent.com/hjdhnx/dr_py/main/js/四个圈影视.js\"},\n{\"key\":\"drpy_js_天空影视\",\"name\":\"影视 | 天空影视[js]\",\"type\":3,\"api\":\"https://ghproxy.com/https://raw.githubusercontent.com/hjdhnx/dr_py/main/libs/drpy2.min.js\",\"ext\":\"https://ghproxy.com/https://raw.githubusercontent.com/hjdhnx/dr_py/main/js/天空影视.js\"},\n{\"key\":\"drpy_js_我爱电影\",\"name\":\"影视 | 我爱电影[js]\",\"type\":3,\"api\":\"https://ghproxy.com/https://raw.githubusercontent.com/hjdhnx/dr_py/main/libs/drpy2.min.js\",\"ext\":\"https://ghproxy.com/https://raw.githubusercontent.com/hjdhnx/dr_py/main/js/我爱电影网.js\"},\n{\"key\":\"drpy_js_我爱跟剧\",\"name\":\"影视 | 我爱跟剧[js]\",\"type\":3,\"api\":\"https://ghproxy.com/https://raw.githubusercontent.com/hjdhnx/dr_py/main/libs/drpy2.min.js\",\"ext\":\"https://ghproxy.com/https://raw.githubusercontent.com/hjdhnx/dr_py/main/js/我爱跟剧.js\"},\n{\"key\":\"drpy_js_溪谷影视\",\"name\":\"影视 | 溪谷影视[js]\",\"type\":3,\"api\":\"https://ghproxy.com/https://raw.githubusercontent.com/hjdhnx/dr_py/main/libs/drpy2.min.js\",\"ext\":\"https://ghproxy.com/https://raw.githubusercontent.com/hjdhnx/dr_py/main/js/溪谷影视.js\"},\n{\"key\":\"drpy_js_小白菜儿\",\"name\":\"影视 | 小白菜儿[js]\",\"type\":3,\"api\":\"https://ghproxy.com/https://raw.githubusercontent.com/hjdhnx/dr_py/main/libs/drpy2.min.js\",\"ext\":\"https://ghproxy.com/https://raw.githubusercontent.com/hjdhnx/dr_py/main/js/小白菜电影.js\"},\n{\"key\":\"drpy_js_星辰影院\",\"name\":\"影视 | 星辰影院[js]\",\"type\":3,\"api\":\"https://ghproxy.com/https://raw.githubusercontent.com/hjdhnx/dr_py/main/libs/drpy2.min.js\",\"ext\":\"https://ghproxy.com/https://raw.githubusercontent.com/hjdhnx/dr_py/main/js/星辰.js\"},\n{\"key\":\"drpy_js_伊人追剧\",\"name\":\"影视 | 伊人追剧[js]\",\"type\":3,\"api\":\"https://ghproxy.com/https://raw.githubusercontent.com/hjdhnx/dr_py/main/libs/drpy2.min.js\",\"ext\":\"https://ghproxy.com/https://raw.githubusercontent.com/hjdhnx/dr_py/main/js/伊人追剧.js\"},\n{\"key\":\"drpy_js_子子影视\",\"name\":\"影视 | 子子影视[js]\",\"type\":3,\"api\":\"https://ghproxy.com/https://raw.githubusercontent.com/hjdhnx/dr_py/main/libs/drpy2.min.js\",\"ext\":\"https://ghproxy.com/https://raw.githubusercontent.com/hjdhnx/dr_py/main/js/子子影视.js\"}\n],\n\"lives\":[{\"name\":\"太阳\",\"type\":0,\"url\":\"http://111.67.196.181/zhibo.txt\"}],\n\"rules\":[\n{\"host\":\"www.djuu.com\",\"rule\":[\"mp4.djuu.com\",\"m4a\"]},{\"host\":\"www.sharenice.net\",\"rule\":[\"huoshan.com\",\"/item/video/\"],\"filter\":[]},\n{\"host\":\"www.sharenice.net\",\"rule\":[\"sovv.qianpailive.com\",\"vid=\"],\"filter\":[]},\n{\"host\":\"www.sharenice.net\",\"rule\":[\"douyin.com\",\"/play/\"]},\n{\"host\":\"m.ysxs8.vip\",\"rule\":[\"ysting.ysxs8.vip:81\",\"xmcdn.com\"],\"filter\":[]},\n{\"host\":\"hdmoli.com\",\"rule\":[\".m3u8\"]},{\"host\":\"https://api.live.bilibili.com\",\"rule\":[\"bilivideo.com\",\"/index.m3u8\"],\"filter\":[\"data.bilibili.com/log/web\",\"i0.hdslb.com/bfs/live/\"]},\n{\"host\":\"www.agemys.cc\",\"rule\":[\"cdn-tos\",\"obj/tos-cn\"]},\n{\"host\":\"www.fun4k.com\",\"rule\":[\"https://hd.ijycnd.com/play\",\"index.m3u8\"]},\n{\"host\":\"zjmiao.com\",\"rule\":[\"play.videomiao.vip/API.php\",\"time=\",\"key=\",\"path=\"]}],\n\"parses\":[\n{\"name\":\"777\",\"type\":0,\"url\":\"https://jx.777jiexi.com/player/?url=\"},\n{\"name\":\"杰森\",\"type\":0,\"url\":\"https://jx.jsonplayer.com/player/?url=\"}, \n{\"name\":\"战狼\",\"type\":0,\"url\":\"https://jx.zhanlangbu.com/?url=\"},\n{\"name\":\"ok\",\"type\":0,\"url\":\"https://okjx.cc/?url=\"},\n{\"name\":\"bozrc\",\"type\":0,\"url\":\"https://jx.bozrc.com:4433/player/?url=\",\"ext\":{\"flag\":[\"qq\",\"腾讯\",\"qiyi\",\"爱奇艺\",\"奇艺\",\"youku\",\"优酷\",\"mgtv\",\"芒果\",\"letv\",\"leshi\",\"LS\",\"pptv\",\"PPTV\",\"sohu\",\"bilibili\",\"哔哩哔哩\",\"哔哩\"],\"header\":{\"User-Agent\":\"\"}}},\n{\"name\":\"不累\",\"type\":0,\"url\":\"https://blbfq.f3322.net/player/analysis.php?v=\",\"ext\":{\"flag\":[\"qiyi\",\"qq\",\"letv\",\"sohu\",\"youku\",\"mgtv\",\"bilibili\",\"wasu\",\"xigua\",\"1905\"]}},\n{\"name\":\"cod\",\"type\":0,\"url\":\"https://ksksl.codjx.com/?url=\"},\n{\"name\":\"byg解析\",\"type\":0,\"url\":\"https://byg.ziqj5.shop/?url=\"},\n{\"name\":\"xmflv\",\"type\":0,\"url\":\"https://jx.xmflv.com/?url=\"},\n{\"name\":\"365\",\"type\":0,\"url\":\"https://chaxun.truechat365.com/?url=\",\"ext\":{\"flag\":[\"qq\",\"腾讯\",\"qiyi\",\"iqiyi\",\"爱奇艺\",\"奇艺\",\"youku\",\"优酷\",\"mgtv\",\"芒果\",\"letv\",\"乐视\",\"pptv\",\"PPTV\",\"sohu\",\"bilibili\",\"哔哩哔哩\",\"哔哩\"]}},\n{\"name\":\"26db\",\"type\":0,\"url\":\"http://vip.26db.cn/g/?url=\"},\n{\"name\":\"看看\",\"type\":0,\"url\":\"https://jx.m3u8.pw/?url=\"},\n{\"name\":\"FreeOK\",\"type\":0,\"url\":\"https://play.86516.tk/OKPlayer/?url=\"},\n{\"name\":\"free\",\"type\":0,\"url\":\"https://h5.freejson.xyz/player/?url=\"}],\n\"flags\":[\"youku\",\"qq\",\"iqiyi\",\"qiyi\",\"letv\",\"sohu\",\"tudou\",\"pptv\",\"mgtv\",\"wasu\"],\n\"wallpaper\":\"http://www.kf666888.cn/api/tvbox/img\"\n}"}}]